Handle,Title,Body (HTML),Vendor,Type,Tags,Published,Option1 Name,Option1 Value,Option2 Name,Option2 Value,Option3 Name,Option3 Value,Variant SKU,Variant Grams,Variant Inventory Tracker,Variant Inventory Policy,Variant Fulfillment Service,Variant Price,Variant Compare At Price,Variant Requires Shipping,Variant Taxable,Status
samsung-galaxy-tab-s8,Samsung Galaxy Tab S8,"<p>Samsung Galaxy Tab S8, Wi-Fi. Professionally refurbished, tested on up to 100 points, wiped and reset. 1-year warranty and free 30-day returns.</p><p><strong>Premium</strong> grade includes a brand-new battery.</p>",Samsung,Tablet,"condition:refurbished, Samsung, Galaxy Tab, Android Tablet, Tablets",TRUE,Condition,Fair,Storage,128GB,Color,Graphite,SAMSUNG-GALAXY-TAB-S8-128GB-GRAPHITE-FAIR,600,,deny,manual,197.99,699.00,TRUE,TRUE,draft
samsung-galaxy-tab-s8,Samsung Galaxy Tab S8,,,,,,Condition,Fair,Storage,128GB,Color,Silver,SAMSUNG-GALAXY-TAB-S8-128GB-SILVER-FAIR,600,,deny,manual,197.99,699.00,TRUE,TRUE,
samsung-galaxy-tab-s8,Samsung Galaxy Tab S8,,,,,,Condition,Fair,Storage,128GB,Color,Pink Gold,SAMSUNG-GALAXY-TAB-S8-128GB-PINKGOLD-FAIR,600,,deny,manual,197.99,699.00,TRUE,TRUE,
samsung-galaxy-tab-s8,Samsung Galaxy Tab S8,,,,,,Condition,Fair,Storage,256GB,Color,Graphite,SAMSUNG-GALAXY-TAB-S8-256GB-GRAPHITE-FAIR,600,,deny,manual,233.99,779.00,TRUE,TRUE,
samsung-galaxy-tab-s8,Samsung Galaxy Tab S8,,,,,,Condition,Fair,Storage,256GB,Color,Silver,SAMSUNG-GALAXY-TAB-S8-256GB-SILVER-FAIR,600,,deny,manual,233.99,779.00,TRUE,TRUE,
samsung-galaxy-tab-s8,Samsung Galaxy Tab S8,,,,,,Condition,Fair,Storage,256GB,Color,Pink Gold,SAMSUNG-GALAXY-TAB-S8-256GB-PINKGOLD-FAIR,600,,deny,manual,233.99,779.00,TRUE,TRUE,
samsung-galaxy-tab-s8,Samsung Galaxy Tab S8,,,,,,Condition,Good,Storage,128GB,Color,Graphite,SAMSUNG-GALAXY-TAB-S8-128GB-GRAPHITE-GOOD,600,,deny,manual,219.99,699.00,TRUE,TRUE,
samsung-galaxy-tab-s8,Samsung Galaxy Tab S8,,,,,,Condition,Good,Storage,128GB,Color,Silver,SAMSUNG-GALAXY-TAB-S8-128GB-SILVER-GOOD,600,,deny,manual,219.99,699.00,TRUE,TRUE,
samsung-galaxy-tab-s8,Samsung Galaxy Tab S8,,,,,,Condition,Good,Storage,128GB,Color,Pink Gold,SAMSUNG-GALAXY-TAB-S8-128GB-PINKGOLD-GOOD,600,,deny,manual,219.99,699.00,TRUE,TRUE,
samsung-galaxy-tab-s8,Samsung Galaxy Tab S8,,,,,,Condition,Good,Storage,256GB,Color,Graphite,SAMSUNG-GALAXY-TAB-S8-256GB-GRAPHITE-GOOD,600,,deny,manual,255.99,779.00,TRUE,TRUE,
samsung-galaxy-tab-s8,Samsung Galaxy Tab S8,,,,,,Condition,Good,Storage,256GB,Color,Silver,SAMSUNG-GALAXY-TAB-S8-256GB-SILVER-GOOD,600,,deny,manual,255.99,779.00,TRUE,TRUE,
samsung-galaxy-tab-s8,Samsung Galaxy Tab S8,,,,,,Condition,Good,Storage,256GB,Color,Pink Gold,SAMSUNG-GALAXY-TAB-S8-256GB-PINKGOLD-GOOD,600,,deny,manual,255.99,779.00,TRUE,TRUE,
samsung-galaxy-tab-s8,Samsung Galaxy Tab S8,,,,,,Condition,Excellent,Storage,128GB,Color,Graphite,SAMSUNG-GALAXY-TAB-S8-128GB-GRAPHITE-EXCELLENT,600,,deny,manual,246.99,699.00,TRUE,TRUE,
samsung-galaxy-tab-s8,Samsung Galaxy Tab S8,,,,,,Condition,Excellent,Storage,128GB,Color,Silver,SAMSUNG-GALAXY-TAB-S8-128GB-SILVER-EXCELLENT,600,,deny,manual,246.99,699.00,TRUE,TRUE,
samsung-galaxy-tab-s8,Samsung Galaxy Tab S8,,,,,,Condition,Excellent,Storage,128GB,Color,Pink Gold,SAMSUNG-GALAXY-TAB-S8-128GB-PINKGOLD-EXCELLENT,600,,deny,manual,246.99,699.00,TRUE,TRUE,
samsung-galaxy-tab-s8,Samsung Galaxy Tab S8,,,,,,Condition,Excellent,Storage,256GB,Color,Graphite,SAMSUNG-GALAXY-TAB-S8-256GB-GRAPHITE-EXCELLENT,600,,deny,manual,282.99,779.00,TRUE,TRUE,
samsung-galaxy-tab-s8,Samsung Galaxy Tab S8,,,,,,Condition,Excellent,Storage,256GB,Color,Silver,SAMSUNG-GALAXY-TAB-S8-256GB-SILVER-EXCELLENT,600,,deny,manual,282.99,779.00,TRUE,TRUE,
samsung-galaxy-tab-s8,Samsung Galaxy Tab S8,,,,,,Condition,Excellent,Storage,256GB,Color,Pink Gold,SAMSUNG-GALAXY-TAB-S8-256GB-PINKGOLD-EXCELLENT,600,,deny,manual,282.99,779.00,TRUE,TRUE,
samsung-galaxy-tab-s8,Samsung Galaxy Tab S8,,,,,,Condition,Premium,Storage,128GB,Color,Graphite,SAMSUNG-GALAXY-TAB-S8-128GB-GRAPHITE-PREMIUM,600,,deny,manual,274.99,699.00,TRUE,TRUE,
samsung-galaxy-tab-s8,Samsung Galaxy Tab S8,,,,,,Condition,Premium,Storage,128GB,Color,Silver,SAMSUNG-GALAXY-TAB-S8-128GB-SILVER-PREMIUM,600,,deny,manual,274.99,699.00,TRUE,TRUE,
samsung-galaxy-tab-s8,Samsung Galaxy Tab S8,,,,,,Condition,Premium,Storage,128GB,Color,Pink Gold,SAMSUNG-GALAXY-TAB-S8-128GB-PINKGOLD-PREMIUM,600,,deny,manual,274.99,699.00,TRUE,TRUE,
samsung-galaxy-tab-s8,Samsung Galaxy Tab S8,,,,,,Condition,Premium,Storage,256GB,Color,Graphite,SAMSUNG-GALAXY-TAB-S8-256GB-GRAPHITE-PREMIUM,600,,deny,manual,310.99,779.00,TRUE,TRUE,
samsung-galaxy-tab-s8,Samsung Galaxy Tab S8,,,,,,Condition,Premium,Storage,256GB,Color,Silver,SAMSUNG-GALAXY-TAB-S8-256GB-SILVER-PREMIUM,600,,deny,manual,310.99,779.00,TRUE,TRUE,
samsung-galaxy-tab-s8,Samsung Galaxy Tab S8,,,,,,Condition,Premium,Storage,256GB,Color,Pink Gold,SAMSUNG-GALAXY-TAB-S8-256GB-PINKGOLD-PREMIUM,600,,deny,manual,310.99,779.00,TRUE,TRUE,
samsung-galaxy-tab-s8-plus,Samsung Galaxy Tab S8+,"<p>Samsung Galaxy Tab S8+, Wi-Fi. Professionally refurbished, tested on up to 100 points, wiped and reset. 1-year warranty and free 30-day returns.</p><p><strong>Premium</strong> grade includes a brand-new battery.</p>",Samsung,Tablet,"condition:refurbished, Samsung, Galaxy Tab, Android Tablet, Tablets",TRUE,Condition,Fair,Storage,128GB,Color,Graphite,SAMSUNG-GALAXY-TAB-S8-PLUS-128GB-GRAPHITE-FAIR,600,,deny,manual,254.99,899.00,TRUE,TRUE,draft
samsung-galaxy-tab-s8-plus,Samsung Galaxy Tab S8+,,,,,,Condition,Fair,Storage,128GB,Color,Silver,SAMSUNG-GALAXY-TAB-S8-PLUS-128GB-SILVER-FAIR,600,,deny,manual,254.99,899.00,TRUE,TRUE,
samsung-galaxy-tab-s8-plus,Samsung Galaxy Tab S8+,,,,,,Condition,Fair,Storage,128GB,Color,Pink Gold,SAMSUNG-GALAXY-TAB-S8-PLUS-128GB-PINKGOLD-FAIR,600,,deny,manual,254.99,899.00,TRUE,TRUE,
samsung-galaxy-tab-s8-plus,Samsung Galaxy Tab S8+,,,,,,Condition,Fair,Storage,256GB,Color,Graphite,SAMSUNG-GALAXY-TAB-S8-PLUS-256GB-GRAPHITE-FAIR,600,,deny,manual,290.99,979.00,TRUE,TRUE,
samsung-galaxy-tab-s8-plus,Samsung Galaxy Tab S8+,,,,,,Condition,Fair,Storage,256GB,Color,Silver,SAMSUNG-GALAXY-TAB-S8-PLUS-256GB-SILVER-FAIR,600,,deny,manual,290.99,979.00,TRUE,TRUE,
samsung-galaxy-tab-s8-plus,Samsung Galaxy Tab S8+,,,,,,Condition,Fair,Storage,256GB,Color,Pink Gold,SAMSUNG-GALAXY-TAB-S8-PLUS-256GB-PINKGOLD-FAIR,600,,deny,manual,290.99,979.00,TRUE,TRUE,
samsung-galaxy-tab-s8-plus,Samsung Galaxy Tab S8+,,,,,,Condition,Good,Storage,128GB,Color,Graphite,SAMSUNG-GALAXY-TAB-S8-PLUS-128GB-GRAPHITE-GOOD,600,,deny,manual,282.99,899.00,TRUE,TRUE,
samsung-galaxy-tab-s8-plus,Samsung Galaxy Tab S8+,,,,,,Condition,Good,Storage,128GB,Color,Silver,SAMSUNG-GALAXY-TAB-S8-PLUS-128GB-SILVER-GOOD,600,,deny,manual,282.99,899.00,TRUE,TRUE,
samsung-galaxy-tab-s8-plus,Samsung Galaxy Tab S8+,,,,,,Condition,Good,Storage,128GB,Color,Pink Gold,SAMSUNG-GALAXY-TAB-S8-PLUS-128GB-PINKGOLD-GOOD,600,,deny,manual,282.99,899.00,TRUE,TRUE,
samsung-galaxy-tab-s8-plus,Samsung Galaxy Tab S8+,,,,,,Condition,Good,Storage,256GB,Color,Graphite,SAMSUNG-GALAXY-TAB-S8-PLUS-256GB-GRAPHITE-GOOD,600,,deny,manual,318.99,979.00,TRUE,TRUE,
samsung-galaxy-tab-s8-plus,Samsung Galaxy Tab S8+,,,,,,Condition,Good,Storage,256GB,Color,Silver,SAMSUNG-GALAXY-TAB-S8-PLUS-256GB-SILVER-GOOD,600,,deny,manual,318.99,979.00,TRUE,TRUE,
samsung-galaxy-tab-s8-plus,Samsung Galaxy Tab S8+,,,,,,Condition,Good,Storage,256GB,Color,Pink Gold,SAMSUNG-GALAXY-TAB-S8-PLUS-256GB-PINKGOLD-GOOD,600,,deny,manual,318.99,979.00,TRUE,TRUE,
samsung-galaxy-tab-s8-plus,Samsung Galaxy Tab S8+,,,,,,Condition,Excellent,Storage,128GB,Color,Graphite,SAMSUNG-GALAXY-TAB-S8-PLUS-128GB-GRAPHITE-EXCELLENT,600,,deny,manual,316.99,899.00,TRUE,TRUE,
samsung-galaxy-tab-s8-plus,Samsung Galaxy Tab S8+,,,,,,Condition,Excellent,Storage,128GB,Color,Silver,SAMSUNG-GALAXY-TAB-S8-PLUS-128GB-SILVER-EXCELLENT,600,,deny,manual,316.99,899.00,TRUE,TRUE,
samsung-galaxy-tab-s8-plus,Samsung Galaxy Tab S8+,,,,,,Condition,Excellent,Storage,128GB,Color,Pink Gold,SAMSUNG-GALAXY-TAB-S8-PLUS-128GB-PINKGOLD-EXCELLENT,600,,deny,manual,316.99,899.00,TRUE,TRUE,
samsung-galaxy-tab-s8-plus,Samsung Galaxy Tab S8+,,,,,,Condition,Excellent,Storage,256GB,Color,Graphite,SAMSUNG-GALAXY-TAB-S8-PLUS-256GB-GRAPHITE-EXCELLENT,600,,deny,manual,352.99,979.00,TRUE,TRUE,
samsung-galaxy-tab-s8-plus,Samsung Galaxy Tab S8+,,,,,,Condition,Excellent,Storage,256GB,Color,Silver,SAMSUNG-GALAXY-TAB-S8-PLUS-256GB-SILVER-EXCELLENT,600,,deny,manual,352.99,979.00,TRUE,TRUE,
samsung-galaxy-tab-s8-plus,Samsung Galaxy Tab S8+,,,,,,Condition,Excellent,Storage,256GB,Color,Pink Gold,SAMSUNG-GALAXY-TAB-S8-PLUS-256GB-PINKGOLD-EXCELLENT,600,,deny,manual,352.99,979.00,TRUE,TRUE,
samsung-galaxy-tab-s8-plus,Samsung Galaxy Tab S8+,,,,,,Condition,Premium,Storage,128GB,Color,Graphite,SAMSUNG-GALAXY-TAB-S8-PLUS-128GB-GRAPHITE-PREMIUM,600,,deny,manual,353.99,899.00,TRUE,TRUE,
samsung-galaxy-tab-s8-plus,Samsung Galaxy Tab S8+,,,,,,Condition,Premium,Storage,128GB,Color,Silver,SAMSUNG-GALAXY-TAB-S8-PLUS-128GB-SILVER-PREMIUM,600,,deny,manual,353.99,899.00,TRUE,TRUE,
samsung-galaxy-tab-s8-plus,Samsung Galaxy Tab S8+,,,,,,Condition,Premium,Storage,128GB,Color,Pink Gold,SAMSUNG-GALAXY-TAB-S8-PLUS-128GB-PINKGOLD-PREMIUM,600,,deny,manual,353.99,899.00,TRUE,TRUE,
samsung-galaxy-tab-s8-plus,Samsung Galaxy Tab S8+,,,,,,Condition,Premium,Storage,256GB,Color,Graphite,SAMSUNG-GALAXY-TAB-S8-PLUS-256GB-GRAPHITE-PREMIUM,600,,deny,manual,389.99,979.00,TRUE,TRUE,
samsung-galaxy-tab-s8-plus,Samsung Galaxy Tab S8+,,,,,,Condition,Premium,Storage,256GB,Color,Silver,SAMSUNG-GALAXY-TAB-S8-PLUS-256GB-SILVER-PREMIUM,600,,deny,manual,389.99,979.00,TRUE,TRUE,
samsung-galaxy-tab-s8-plus,Samsung Galaxy Tab S8+,,,,,,Condition,Premium,Storage,256GB,Color,Pink Gold,SAMSUNG-GALAXY-TAB-S8-PLUS-256GB-PINKGOLD-PREMIUM,600,,deny,manual,389.99,979.00,TRUE,TRUE,
samsung-galaxy-tab-s8-ultra,Samsung Galaxy Tab S8 Ultra,"<p>Samsung Galaxy Tab S8 Ultra, Wi-Fi. Professionally refurbished, tested on up to 100 points, wiped and reset. 1-year warranty and free 30-day returns.</p><p><strong>Premium</strong> grade includes a brand-new battery.</p>",Samsung,Tablet,"condition:refurbished, Samsung, Galaxy Tab, Android Tablet, Tablets",TRUE,Condition,Fair,Storage,128GB,Color,Graphite,SAMSUNG-GALAXY-TAB-S8-ULTRA-128GB-GRAPHITE-FAIR,600,,deny,manual,311.99,1099.00,TRUE,TRUE,draft
samsung-galaxy-tab-s8-ultra,Samsung Galaxy Tab S8 Ultra,,,,,,Condition,Fair,Storage,256GB,Color,Graphite,SAMSUNG-GALAXY-TAB-S8-ULTRA-256GB-GRAPHITE-FAIR,600,,deny,manual,356.99,1199.00,TRUE,TRUE,
samsung-galaxy-tab-s8-ultra,Samsung Galaxy Tab S8 Ultra,,,,,,Condition,Fair,Storage,512GB,Color,Graphite,SAMSUNG-GALAXY-TAB-S8-ULTRA-512GB-GRAPHITE-FAIR,600,,deny,manual,446.99,1399.00,TRUE,TRUE,
samsung-galaxy-tab-s8-ultra,Samsung Galaxy Tab S8 Ultra,,,,,,Condition,Good,Storage,128GB,Color,Graphite,SAMSUNG-GALAXY-TAB-S8-ULTRA-128GB-GRAPHITE-GOOD,600,,deny,manual,345.99,1099.00,TRUE,TRUE,
samsung-galaxy-tab-s8-ultra,Samsung Galaxy Tab S8 Ultra,,,,,,Condition,Good,Storage,256GB,Color,Graphite,SAMSUNG-GALAXY-TAB-S8-ULTRA-256GB-GRAPHITE-GOOD,600,,deny,manual,390.99,1199.00,TRUE,TRUE,
samsung-galaxy-tab-s8-ultra,Samsung Galaxy Tab S8 Ultra,,,,,,Condition,Good,Storage,512GB,Color,Graphite,SAMSUNG-GALAXY-TAB-S8-ULTRA-512GB-GRAPHITE-GOOD,600,,deny,manual,480.99,1399.00,TRUE,TRUE,
samsung-galaxy-tab-s8-ultra,Samsung Galaxy Tab S8 Ultra,,,,,,Condition,Excellent,Storage,128GB,Color,Graphite,SAMSUNG-GALAXY-TAB-S8-ULTRA-128GB-GRAPHITE-EXCELLENT,600,,deny,manual,387.99,1099.00,TRUE,TRUE,
samsung-galaxy-tab-s8-ultra,Samsung Galaxy Tab S8 Ultra,,,,,,Condition,Excellent,Storage,256GB,Color,Graphite,SAMSUNG-GALAXY-TAB-S8-ULTRA-256GB-GRAPHITE-EXCELLENT,600,,deny,manual,432.99,1199.00,TRUE,TRUE,
samsung-galaxy-tab-s8-ultra,Samsung Galaxy Tab S8 Ultra,,,,,,Condition,Excellent,Storage,512GB,Color,Graphite,SAMSUNG-GALAXY-TAB-S8-ULTRA-512GB-GRAPHITE-EXCELLENT,600,,deny,manual,522.99,1399.00,TRUE,TRUE,
samsung-galaxy-tab-s8-ultra,Samsung Galaxy Tab S8 Ultra,,,,,,Condition,Premium,Storage,128GB,Color,Graphite,SAMSUNG-GALAXY-TAB-S8-ULTRA-128GB-GRAPHITE-PREMIUM,600,,deny,manual,432.99,1099.00,TRUE,TRUE,
samsung-galaxy-tab-s8-ultra,Samsung Galaxy Tab S8 Ultra,,,,,,Condition,Premium,Storage,256GB,Color,Graphite,SAMSUNG-GALAXY-TAB-S8-ULTRA-256GB-GRAPHITE-PREMIUM,600,,deny,manual,477.99,1199.00,TRUE,TRUE,
samsung-galaxy-tab-s8-ultra,Samsung Galaxy Tab S8 Ultra,,,,,,Condition,Premium,Storage,512GB,Color,Graphite,SAMSUNG-GALAXY-TAB-S8-ULTRA-512GB-GRAPHITE-PREMIUM,600,,deny,manual,567.99,1399.00,TRUE,TRUE,
samsung-galaxy-tab-s9,Samsung Galaxy Tab S9,"<p>Samsung Galaxy Tab S9, Wi-Fi. Professionally refurbished, tested on up to 100 points, wiped and reset. 1-year warranty and free 30-day returns.</p><p><strong>Premium</strong> grade includes a brand-new battery.</p>",Samsung,Tablet,"condition:refurbished, Samsung, Galaxy Tab, Android Tablet, Tablets",TRUE,Condition,Fair,Storage,128GB,Color,Graphite,SAMSUNG-GALAXY-TAB-S9-128GB-GRAPHITE-FAIR,600,,deny,manual,269.99,799.00,TRUE,TRUE,draft
samsung-galaxy-tab-s9,Samsung Galaxy Tab S9,,,,,,Condition,Fair,Storage,128GB,Color,Beige,SAMSUNG-GALAXY-TAB-S9-128GB-BEIGE-FAIR,600,,deny,manual,269.99,799.00,TRUE,TRUE,
samsung-galaxy-tab-s9,Samsung Galaxy Tab S9,,,,,,Condition,Fair,Storage,256GB,Color,Graphite,SAMSUNG-GALAXY-TAB-S9-256GB-GRAPHITE-FAIR,600,,deny,manual,323.99,919.00,TRUE,TRUE,
samsung-galaxy-tab-s9,Samsung Galaxy Tab S9,,,,,,Condition,Fair,Storage,256GB,Color,Beige,SAMSUNG-GALAXY-TAB-S9-256GB-BEIGE-FAIR,600,,deny,manual,323.99,919.00,TRUE,TRUE,
samsung-galaxy-tab-s9,Samsung Galaxy Tab S9,,,,,,Condition,Good,Storage,128GB,Color,Graphite,SAMSUNG-GALAXY-TAB-S9-128GB-GRAPHITE-GOOD,600,,deny,manual,299.99,799.00,TRUE,TRUE,
samsung-galaxy-tab-s9,Samsung Galaxy Tab S9,,,,,,Condition,Good,Storage,128GB,Color,Beige,SAMSUNG-GALAXY-TAB-S9-128GB-BEIGE-GOOD,600,,deny,manual,299.99,799.00,TRUE,TRUE,
samsung-galaxy-tab-s9,Samsung Galaxy Tab S9,,,,,,Condition,Good,Storage,256GB,Color,Graphite,SAMSUNG-GALAXY-TAB-S9-256GB-GRAPHITE-GOOD,600,,deny,manual,353.99,919.00,TRUE,TRUE,
samsung-galaxy-tab-s9,Samsung Galaxy Tab S9,,,,,,Condition,Good,Storage,256GB,Color,Beige,SAMSUNG-GALAXY-TAB-S9-256GB-BEIGE-GOOD,600,,deny,manual,353.99,919.00,TRUE,TRUE,
samsung-galaxy-tab-s9,Samsung Galaxy Tab S9,,,,,,Condition,Excellent,Storage,128GB,Color,Graphite,SAMSUNG-GALAXY-TAB-S9-128GB-GRAPHITE-EXCELLENT,600,,deny,manual,335.99,799.00,TRUE,TRUE,
samsung-galaxy-tab-s9,Samsung Galaxy Tab S9,,,,,,Condition,Excellent,Storage,128GB,Color,Beige,SAMSUNG-GALAXY-TAB-S9-128GB-BEIGE-EXCELLENT,600,,deny,manual,335.99,799.00,TRUE,TRUE,
samsung-galaxy-tab-s9,Samsung Galaxy Tab S9,,,,,,Condition,Excellent,Storage,256GB,Color,Graphite,SAMSUNG-GALAXY-TAB-S9-256GB-GRAPHITE-EXCELLENT,600,,deny,manual,389.99,919.00,TRUE,TRUE,
samsung-galaxy-tab-s9,Samsung Galaxy Tab S9,,,,,,Condition,Excellent,Storage,256GB,Color,Beige,SAMSUNG-GALAXY-TAB-S9-256GB-BEIGE-EXCELLENT,600,,deny,manual,389.99,919.00,TRUE,TRUE,
samsung-galaxy-tab-s9,Samsung Galaxy Tab S9,,,,,,Condition,Premium,Storage,128GB,Color,Graphite,SAMSUNG-GALAXY-TAB-S9-128GB-GRAPHITE-PREMIUM,600,,deny,manual,374.99,799.00,TRUE,TRUE,
samsung-galaxy-tab-s9,Samsung Galaxy Tab S9,,,,,,Condition,Premium,Storage,128GB,Color,Beige,SAMSUNG-GALAXY-TAB-S9-128GB-BEIGE-PREMIUM,600,,deny,manual,374.99,799.00,TRUE,TRUE,
samsung-galaxy-tab-s9,Samsung Galaxy Tab S9,,,,,,Condition,Premium,Storage,256GB,Color,Graphite,SAMSUNG-GALAXY-TAB-S9-256GB-GRAPHITE-PREMIUM,600,,deny,manual,428.99,919.00,TRUE,TRUE,
samsung-galaxy-tab-s9,Samsung Galaxy Tab S9,,,,,,Condition,Premium,Storage,256GB,Color,Beige,SAMSUNG-GALAXY-TAB-S9-256GB-BEIGE-PREMIUM,600,,deny,manual,428.99,919.00,TRUE,TRUE,
samsung-galaxy-tab-s9-plus,Samsung Galaxy Tab S9+,"<p>Samsung Galaxy Tab S9+, Wi-Fi. Professionally refurbished, tested on up to 100 points, wiped and reset. 1-year warranty and free 30-day returns.</p><p><strong>Premium</strong> grade includes a brand-new battery.</p>",Samsung,Tablet,"condition:refurbished, Samsung, Galaxy Tab, Android Tablet, Tablets",TRUE,Condition,Fair,Storage,256GB,Color,Graphite,SAMSUNG-GALAXY-TAB-S9-PLUS-256GB-GRAPHITE-FAIR,600,,deny,manual,336.99,999.00,TRUE,TRUE,draft
samsung-galaxy-tab-s9-plus,Samsung Galaxy Tab S9+,,,,,,Condition,Fair,Storage,256GB,Color,Beige,SAMSUNG-GALAXY-TAB-S9-PLUS-256GB-BEIGE-FAIR,600,,deny,manual,336.99,999.00,TRUE,TRUE,
samsung-galaxy-tab-s9-plus,Samsung Galaxy Tab S9+,,,,,,Condition,Fair,Storage,512GB,Color,Graphite,SAMSUNG-GALAXY-TAB-S9-PLUS-512GB-GRAPHITE-FAIR,600,,deny,manual,390.99,1119.00,TRUE,TRUE,
samsung-galaxy-tab-s9-plus,Samsung Galaxy Tab S9+,,,,,,Condition,Fair,Storage,512GB,Color,Beige,SAMSUNG-GALAXY-TAB-S9-PLUS-512GB-BEIGE-FAIR,600,,deny,manual,390.99,1119.00,TRUE,TRUE,
samsung-galaxy-tab-s9-plus,Samsung Galaxy Tab S9+,,,,,,Condition,Good,Storage,256GB,Color,Graphite,SAMSUNG-GALAXY-TAB-S9-PLUS-256GB-GRAPHITE-GOOD,600,,deny,manual,374.99,999.00,TRUE,TRUE,
samsung-galaxy-tab-s9-plus,Samsung Galaxy Tab S9+,,,,,,Condition,Good,Storage,256GB,Color,Beige,SAMSUNG-GALAXY-TAB-S9-PLUS-256GB-BEIGE-GOOD,600,,deny,manual,374.99,999.00,TRUE,TRUE,
samsung-galaxy-tab-s9-plus,Samsung Galaxy Tab S9+,,,,,,Condition,Good,Storage,512GB,Color,Graphite,SAMSUNG-GALAXY-TAB-S9-PLUS-512GB-GRAPHITE-GOOD,600,,deny,manual,428.99,1119.00,TRUE,TRUE,
samsung-galaxy-tab-s9-plus,Samsung Galaxy Tab S9+,,,,,,Condition,Good,Storage,512GB,Color,Beige,SAMSUNG-GALAXY-TAB-S9-PLUS-512GB-BEIGE-GOOD,600,,deny,manual,428.99,1119.00,TRUE,TRUE,
samsung-galaxy-tab-s9-plus,Samsung Galaxy Tab S9+,,,,,,Condition,Excellent,Storage,256GB,Color,Graphite,SAMSUNG-GALAXY-TAB-S9-PLUS-256GB-GRAPHITE-EXCELLENT,600,,deny,manual,419.99,999.00,TRUE,TRUE,
samsung-galaxy-tab-s9-plus,Samsung Galaxy Tab S9+,,,,,,Condition,Excellent,Storage,256GB,Color,Beige,SAMSUNG-GALAXY-TAB-S9-PLUS-256GB-BEIGE-EXCELLENT,600,,deny,manual,419.99,999.00,TRUE,TRUE,
samsung-galaxy-tab-s9-plus,Samsung Galaxy Tab S9+,,,,,,Condition,Excellent,Storage,512GB,Color,Graphite,SAMSUNG-GALAXY-TAB-S9-PLUS-512GB-GRAPHITE-EXCELLENT,600,,deny,manual,473.99,1119.00,TRUE,TRUE,
samsung-galaxy-tab-s9-plus,Samsung Galaxy Tab S9+,,,,,,Condition,Excellent,Storage,512GB,Color,Beige,SAMSUNG-GALAXY-TAB-S9-PLUS-512GB-BEIGE-EXCELLENT,600,,deny,manual,473.99,1119.00,TRUE,TRUE,
samsung-galaxy-tab-s9-plus,Samsung Galaxy Tab S9+,,,,,,Condition,Premium,Storage,256GB,Color,Graphite,SAMSUNG-GALAXY-TAB-S9-PLUS-256GB-GRAPHITE-PREMIUM,600,,deny,manual,467.99,999.00,TRUE,TRUE,
samsung-galaxy-tab-s9-plus,Samsung Galaxy Tab S9+,,,,,,Condition,Premium,Storage,256GB,Color,Beige,SAMSUNG-GALAXY-TAB-S9-PLUS-256GB-BEIGE-PREMIUM,600,,deny,manual,467.99,999.00,TRUE,TRUE,
samsung-galaxy-tab-s9-plus,Samsung Galaxy Tab S9+,,,,,,Condition,Premium,Storage,512GB,Color,Graphite,SAMSUNG-GALAXY-TAB-S9-PLUS-512GB-GRAPHITE-PREMIUM,600,,deny,manual,521.99,1119.00,TRUE,TRUE,
samsung-galaxy-tab-s9-plus,Samsung Galaxy Tab S9+,,,,,,Condition,Premium,Storage,512GB,Color,Beige,SAMSUNG-GALAXY-TAB-S9-PLUS-512GB-BEIGE-PREMIUM,600,,deny,manual,521.99,1119.00,TRUE,TRUE,
samsung-galaxy-tab-s9-ultra,Samsung Galaxy Tab S9 Ultra,"<p>Samsung Galaxy Tab S9 Ultra, Wi-Fi. Professionally refurbished, tested on up to 100 points, wiped and reset. 1-year warranty and free 30-day returns.</p><p><strong>Premium</strong> grade includes a brand-new battery.</p>",Samsung,Tablet,"condition:refurbished, Samsung, Galaxy Tab, Android Tablet, Tablets",TRUE,Condition,Fair,Storage,256GB,Color,Graphite,SAMSUNG-GALAXY-TAB-S9-ULTRA-256GB-GRAPHITE-FAIR,600,,deny,manual,404.99,1199.00,TRUE,TRUE,draft
samsung-galaxy-tab-s9-ultra,Samsung Galaxy Tab S9 Ultra,,,,,,Condition,Fair,Storage,256GB,Color,Beige,SAMSUNG-GALAXY-TAB-S9-ULTRA-256GB-BEIGE-FAIR,600,,deny,manual,404.99,1199.00,TRUE,TRUE,
samsung-galaxy-tab-s9-ultra,Samsung Galaxy Tab S9 Ultra,,,,,,Condition,Fair,Storage,512GB,Color,Graphite,SAMSUNG-GALAXY-TAB-S9-ULTRA-512GB-GRAPHITE-FAIR,600,,deny,manual,458.99,1319.00,TRUE,TRUE,
samsung-galaxy-tab-s9-ultra,Samsung Galaxy Tab S9 Ultra,,,,,,Condition,Fair,Storage,512GB,Color,Beige,SAMSUNG-GALAXY-TAB-S9-ULTRA-512GB-BEIGE-FAIR,600,,deny,manual,458.99,1319.00,TRUE,TRUE,
samsung-galaxy-tab-s9-ultra,Samsung Galaxy Tab S9 Ultra,,,,,,Condition,Fair,Storage,1TB,Color,Graphite,SAMSUNG-GALAXY-TAB-S9-ULTRA-1TB-GRAPHITE-FAIR,600,,deny,manual,593.99,1619.00,TRUE,TRUE,
samsung-galaxy-tab-s9-ultra,Samsung Galaxy Tab S9 Ultra,,,,,,Condition,Fair,Storage,1TB,Color,Beige,SAMSUNG-GALAXY-TAB-S9-ULTRA-1TB-BEIGE-FAIR,600,,deny,manual,593.99,1619.00,TRUE,TRUE,
samsung-galaxy-tab-s9-ultra,Samsung Galaxy Tab S9 Ultra,,,,,,Condition,Good,Storage,256GB,Color,Graphite,SAMSUNG-GALAXY-TAB-S9-ULTRA-256GB-GRAPHITE-GOOD,600,,deny,manual,449.99,1199.00,TRUE,TRUE,
samsung-galaxy-tab-s9-ultra,Samsung Galaxy Tab S9 Ultra,,,,,,Condition,Good,Storage,256GB,Color,Beige,SAMSUNG-GALAXY-TAB-S9-ULTRA-256GB-BEIGE-GOOD,600,,deny,manual,449.99,1199.00,TRUE,TRUE,
samsung-galaxy-tab-s9-ultra,Samsung Galaxy Tab S9 Ultra,,,,,,Condition,Good,Storage,512GB,Color,Graphite,SAMSUNG-GALAXY-TAB-S9-ULTRA-512GB-GRAPHITE-GOOD,600,,deny,manual,503.99,1319.00,TRUE,TRUE,
samsung-galaxy-tab-s9-ultra,Samsung Galaxy Tab S9 Ultra,,,,,,Condition,Good,Storage,512GB,Color,Beige,SAMSUNG-GALAXY-TAB-S9-ULTRA-512GB-BEIGE-GOOD,600,,deny,manual,503.99,1319.00,TRUE,TRUE,
samsung-galaxy-tab-s9-ultra,Samsung Galaxy Tab S9 Ultra,,,,,,Condition,Good,Storage,1TB,Color,Graphite,SAMSUNG-GALAXY-TAB-S9-ULTRA-1TB-GRAPHITE-GOOD,600,,deny,manual,638.99,1619.00,TRUE,TRUE,
samsung-galaxy-tab-s9-ultra,Samsung Galaxy Tab S9 Ultra,,,,,,Condition,Good,Storage,1TB,Color,Beige,SAMSUNG-GALAXY-TAB-S9-ULTRA-1TB-BEIGE-GOOD,600,,deny,manual,638.99,1619.00,TRUE,TRUE,
samsung-galaxy-tab-s9-ultra,Samsung Galaxy Tab S9 Ultra,,,,,,Condition,Excellent,Storage,256GB,Color,Graphite,SAMSUNG-GALAXY-TAB-S9-ULTRA-256GB-GRAPHITE-EXCELLENT,600,,deny,manual,503.99,1199.00,TRUE,TRUE,
samsung-galaxy-tab-s9-ultra,Samsung Galaxy Tab S9 Ultra,,,,,,Condition,Excellent,Storage,256GB,Color,Beige,SAMSUNG-GALAXY-TAB-S9-ULTRA-256GB-BEIGE-EXCELLENT,600,,deny,manual,503.99,1199.00,TRUE,TRUE,
samsung-galaxy-tab-s9-ultra,Samsung Galaxy Tab S9 Ultra,,,,,,Condition,Excellent,Storage,512GB,Color,Graphite,SAMSUNG-GALAXY-TAB-S9-ULTRA-512GB-GRAPHITE-EXCELLENT,600,,deny,manual,557.99,1319.00,TRUE,TRUE,
samsung-galaxy-tab-s9-ultra,Samsung Galaxy Tab S9 Ultra,,,,,,Condition,Excellent,Storage,512GB,Color,Beige,SAMSUNG-GALAXY-TAB-S9-ULTRA-512GB-BEIGE-EXCELLENT,600,,deny,manual,557.99,1319.00,TRUE,TRUE,
samsung-galaxy-tab-s9-ultra,Samsung Galaxy Tab S9 Ultra,,,,,,Condition,Excellent,Storage,1TB,Color,Graphite,SAMSUNG-GALAXY-TAB-S9-ULTRA-1TB-GRAPHITE-EXCELLENT,600,,deny,manual,692.99,1619.00,TRUE,TRUE,
samsung-galaxy-tab-s9-ultra,Samsung Galaxy Tab S9 Ultra,,,,,,Condition,Excellent,Storage,1TB,Color,Beige,SAMSUNG-GALAXY-TAB-S9-ULTRA-1TB-BEIGE-EXCELLENT,600,,deny,manual,692.99,1619.00,TRUE,TRUE,
samsung-galaxy-tab-s9-ultra,Samsung Galaxy Tab S9 Ultra,,,,,,Condition,Premium,Storage,256GB,Color,Graphite,SAMSUNG-GALAXY-TAB-S9-ULTRA-256GB-GRAPHITE-PREMIUM,600,,deny,manual,561.99,1199.00,TRUE,TRUE,
samsung-galaxy-tab-s9-ultra,Samsung Galaxy Tab S9 Ultra,,,,,,Condition,Premium,Storage,256GB,Color,Beige,SAMSUNG-GALAXY-TAB-S9-ULTRA-256GB-BEIGE-PREMIUM,600,,deny,manual,561.99,1199.00,TRUE,TRUE,
samsung-galaxy-tab-s9-ultra,Samsung Galaxy Tab S9 Ultra,,,,,,Condition,Premium,Storage,512GB,Color,Graphite,SAMSUNG-GALAXY-TAB-S9-ULTRA-512GB-GRAPHITE-PREMIUM,600,,deny,manual,615.99,1319.00,TRUE,TRUE,
samsung-galaxy-tab-s9-ultra,Samsung Galaxy Tab S9 Ultra,,,,,,Condition,Premium,Storage,512GB,Color,Beige,SAMSUNG-GALAXY-TAB-S9-ULTRA-512GB-BEIGE-PREMIUM,600,,deny,manual,615.99,1319.00,TRUE,TRUE,
samsung-galaxy-tab-s9-ultra,Samsung Galaxy Tab S9 Ultra,,,,,,Condition,Premium,Storage,1TB,Color,Graphite,SAMSUNG-GALAXY-TAB-S9-ULTRA-1TB-GRAPHITE-PREMIUM,600,,deny,manual,750.99,1619.00,TRUE,TRUE,
samsung-galaxy-tab-s9-ultra,Samsung Galaxy Tab S9 Ultra,,,,,,Condition,Premium,Storage,1TB,Color,Beige,SAMSUNG-GALAXY-TAB-S9-ULTRA-1TB-BEIGE-PREMIUM,600,,deny,manual,750.99,1619.00,TRUE,TRUE,
samsung-galaxy-tab-s9-fe,Samsung Galaxy Tab S9 FE,"<p>Samsung Galaxy Tab S9 FE, Wi-Fi. Professionally refurbished, tested on up to 100 points, wiped and reset. 1-year warranty and free 30-day returns.</p><p><strong>Premium</strong> grade includes a brand-new battery.</p>",Samsung,Tablet,"condition:refurbished, Samsung, Galaxy Tab, Android Tablet, Tablets",TRUE,Condition,Fair,Storage,128GB,Color,Gray,SAMSUNG-GALAXY-TAB-S9-FE-128GB-GRAY-FAIR,600,,deny,manual,151.99,449.00,TRUE,TRUE,draft
samsung-galaxy-tab-s9-fe,Samsung Galaxy Tab S9 FE,,,,,,Condition,Fair,Storage,128GB,Color,Silver,SAMSUNG-GALAXY-TAB-S9-FE-128GB-SILVER-FAIR,600,,deny,manual,151.99,449.00,TRUE,TRUE,
samsung-galaxy-tab-s9-fe,Samsung Galaxy Tab S9 FE,,,,,,Condition,Fair,Storage,128GB,Color,Lavender,SAMSUNG-GALAXY-TAB-S9-FE-128GB-LAVENDER-FAIR,600,,deny,manual,151.99,449.00,TRUE,TRUE,
samsung-galaxy-tab-s9-fe,Samsung Galaxy Tab S9 FE,,,,,,Condition,Fair,Storage,128GB,Color,Mint,SAMSUNG-GALAXY-TAB-S9-FE-128GB-MINT-FAIR,600,,deny,manual,151.99,449.00,TRUE,TRUE,
samsung-galaxy-tab-s9-fe,Samsung Galaxy Tab S9 FE,,,,,,Condition,Fair,Storage,256GB,Color,Gray,SAMSUNG-GALAXY-TAB-S9-FE-256GB-GRAY-FAIR,600,,deny,manual,182.99,519.00,TRUE,TRUE,
samsung-galaxy-tab-s9-fe,Samsung Galaxy Tab S9 FE,,,,,,Condition,Fair,Storage,256GB,Color,Silver,SAMSUNG-GALAXY-TAB-S9-FE-256GB-SILVER-FAIR,600,,deny,manual,182.99,519.00,TRUE,TRUE,
samsung-galaxy-tab-s9-fe,Samsung Galaxy Tab S9 FE,,,,,,Condition,Fair,Storage,256GB,Color,Lavender,SAMSUNG-GALAXY-TAB-S9-FE-256GB-LAVENDER-FAIR,600,,deny,manual,182.99,519.00,TRUE,TRUE,
samsung-galaxy-tab-s9-fe,Samsung Galaxy Tab S9 FE,,,,,,Condition,Fair,Storage,256GB,Color,Mint,SAMSUNG-GALAXY-TAB-S9-FE-256GB-MINT-FAIR,600,,deny,manual,182.99,519.00,TRUE,TRUE,
samsung-galaxy-tab-s9-fe,Samsung Galaxy Tab S9 FE,,,,,,Condition,Good,Storage,128GB,Color,Gray,SAMSUNG-GALAXY-TAB-S9-FE-128GB-GRAY-GOOD,600,,deny,manual,167.99,449.00,TRUE,TRUE,
samsung-galaxy-tab-s9-fe,Samsung Galaxy Tab S9 FE,,,,,,Condition,Good,Storage,128GB,Color,Silver,SAMSUNG-GALAXY-TAB-S9-FE-128GB-SILVER-GOOD,600,,deny,manual,167.99,449.00,TRUE,TRUE,
samsung-galaxy-tab-s9-fe,Samsung Galaxy Tab S9 FE,,,,,,Condition,Good,Storage,128GB,Color,Lavender,SAMSUNG-GALAXY-TAB-S9-FE-128GB-LAVENDER-GOOD,600,,deny,manual,167.99,449.00,TRUE,TRUE,
samsung-galaxy-tab-s9-fe,Samsung Galaxy Tab S9 FE,,,,,,Condition,Good,Storage,128GB,Color,Mint,SAMSUNG-GALAXY-TAB-S9-FE-128GB-MINT-GOOD,600,,deny,manual,167.99,449.00,TRUE,TRUE,
samsung-galaxy-tab-s9-fe,Samsung Galaxy Tab S9 FE,,,,,,Condition,Good,Storage,256GB,Color,Gray,SAMSUNG-GALAXY-TAB-S9-FE-256GB-GRAY-GOOD,600,,deny,manual,199.99,519.00,TRUE,TRUE,
samsung-galaxy-tab-s9-fe,Samsung Galaxy Tab S9 FE,,,,,,Condition,Good,Storage,256GB,Color,Silver,SAMSUNG-GALAXY-TAB-S9-FE-256GB-SILVER-GOOD,600,,deny,manual,199.99,519.00,TRUE,TRUE,
samsung-galaxy-tab-s9-fe,Samsung Galaxy Tab S9 FE,,,,,,Condition,Good,Storage,256GB,Color,Lavender,SAMSUNG-GALAXY-TAB-S9-FE-256GB-LAVENDER-GOOD,600,,deny,manual,199.99,519.00,TRUE,TRUE,
samsung-galaxy-tab-s9-fe,Samsung Galaxy Tab S9 FE,,,,,,Condition,Good,Storage,256GB,Color,Mint,SAMSUNG-GALAXY-TAB-S9-FE-256GB-MINT-GOOD,600,,deny,manual,199.99,519.00,TRUE,TRUE,
samsung-galaxy-tab-s9-fe,Samsung Galaxy Tab S9 FE,,,,,,Condition,Excellent,Storage,128GB,Color,Gray,SAMSUNG-GALAXY-TAB-S9-FE-128GB-GRAY-EXCELLENT,600,,deny,manual,188.99,449.00,TRUE,TRUE,
samsung-galaxy-tab-s9-fe,Samsung Galaxy Tab S9 FE,,,,,,Condition,Excellent,Storage,128GB,Color,Silver,SAMSUNG-GALAXY-TAB-S9-FE-128GB-SILVER-EXCELLENT,600,,deny,manual,188.99,449.00,TRUE,TRUE,
samsung-galaxy-tab-s9-fe,Samsung Galaxy Tab S9 FE,,,,,,Condition,Excellent,Storage,128GB,Color,Lavender,SAMSUNG-GALAXY-TAB-S9-FE-128GB-LAVENDER-EXCELLENT,600,,deny,manual,188.99,449.00,TRUE,TRUE,
samsung-galaxy-tab-s9-fe,Samsung Galaxy Tab S9 FE,,,,,,Condition,Excellent,Storage,128GB,Color,Mint,SAMSUNG-GALAXY-TAB-S9-FE-128GB-MINT-EXCELLENT,600,,deny,manual,188.99,449.00,TRUE,TRUE,
samsung-galaxy-tab-s9-fe,Samsung Galaxy Tab S9 FE,,,,,,Condition,Excellent,Storage,256GB,Color,Gray,SAMSUNG-GALAXY-TAB-S9-FE-256GB-GRAY-EXCELLENT,600,,deny,manual,219.99,519.00,TRUE,TRUE,
samsung-galaxy-tab-s9-fe,Samsung Galaxy Tab S9 FE,,,,,,Condition,Excellent,Storage,256GB,Color,Silver,SAMSUNG-GALAXY-TAB-S9-FE-256GB-SILVER-EXCELLENT,600,,deny,manual,219.99,519.00,TRUE,TRUE,
samsung-galaxy-tab-s9-fe,Samsung Galaxy Tab S9 FE,,,,,,Condition,Excellent,Storage,256GB,Color,Lavender,SAMSUNG-GALAXY-TAB-S9-FE-256GB-LAVENDER-EXCELLENT,600,,deny,manual,219.99,519.00,TRUE,TRUE,
samsung-galaxy-tab-s9-fe,Samsung Galaxy Tab S9 FE,,,,,,Condition,Excellent,Storage,256GB,Color,Mint,SAMSUNG-GALAXY-TAB-S9-FE-256GB-MINT-EXCELLENT,600,,deny,manual,219.99,519.00,TRUE,TRUE,
samsung-galaxy-tab-s9-fe,Samsung Galaxy Tab S9 FE,,,,,,Condition,Premium,Storage,128GB,Color,Gray,SAMSUNG-GALAXY-TAB-S9-FE-128GB-GRAY-PREMIUM,600,,deny,manual,209.99,449.00,TRUE,TRUE,
samsung-galaxy-tab-s9-fe,Samsung Galaxy Tab S9 FE,,,,,,Condition,Premium,Storage,128GB,Color,Silver,SAMSUNG-GALAXY-TAB-S9-FE-128GB-SILVER-PREMIUM,600,,deny,manual,209.99,449.00,TRUE,TRUE,
samsung-galaxy-tab-s9-fe,Samsung Galaxy Tab S9 FE,,,,,,Condition,Premium,Storage,128GB,Color,Lavender,SAMSUNG-GALAXY-TAB-S9-FE-128GB-LAVENDER-PREMIUM,600,,deny,manual,209.99,449.00,TRUE,TRUE,
samsung-galaxy-tab-s9-fe,Samsung Galaxy Tab S9 FE,,,,,,Condition,Premium,Storage,128GB,Color,Mint,SAMSUNG-GALAXY-TAB-S9-FE-128GB-MINT-PREMIUM,600,,deny,manual,209.99,449.00,TRUE,TRUE,
samsung-galaxy-tab-s9-fe,Samsung Galaxy Tab S9 FE,,,,,,Condition,Premium,Storage,256GB,Color,Gray,SAMSUNG-GALAXY-TAB-S9-FE-256GB-GRAY-PREMIUM,600,,deny,manual,241.99,519.00,TRUE,TRUE,
samsung-galaxy-tab-s9-fe,Samsung Galaxy Tab S9 FE,,,,,,Condition,Premium,Storage,256GB,Color,Silver,SAMSUNG-GALAXY-TAB-S9-FE-256GB-SILVER-PREMIUM,600,,deny,manual,241.99,519.00,TRUE,TRUE,
samsung-galaxy-tab-s9-fe,Samsung Galaxy Tab S9 FE,,,,,,Condition,Premium,Storage,256GB,Color,Lavender,SAMSUNG-GALAXY-TAB-S9-FE-256GB-LAVENDER-PREMIUM,600,,deny,manual,241.99,519.00,TRUE,TRUE,
samsung-galaxy-tab-s9-fe,Samsung Galaxy Tab S9 FE,,,,,,Condition,Premium,Storage,256GB,Color,Mint,SAMSUNG-GALAXY-TAB-S9-FE-256GB-MINT-PREMIUM,600,,deny,manual,241.99,519.00,TRUE,TRUE,
samsung-galaxy-tab-s9-fe-plus,Samsung Galaxy Tab S9 FE+,"<p>Samsung Galaxy Tab S9 FE+, Wi-Fi. Professionally refurbished, tested on up to 100 points, wiped and reset. 1-year warranty and free 30-day returns.</p><p><strong>Premium</strong> grade includes a brand-new battery.</p>",Samsung,Tablet,"condition:refurbished, Samsung, Galaxy Tab, Android Tablet, Tablets",TRUE,Condition,Fair,Storage,128GB,Color,Gray,SAMSUNG-GALAXY-TAB-S9-FE-PLUS-128GB-GRAY-FAIR,600,,deny,manual,201.99,599.00,TRUE,TRUE,draft
samsung-galaxy-tab-s9-fe-plus,Samsung Galaxy Tab S9 FE+,,,,,,Condition,Fair,Storage,128GB,Color,Silver,SAMSUNG-GALAXY-TAB-S9-FE-PLUS-128GB-SILVER-FAIR,600,,deny,manual,201.99,599.00,TRUE,TRUE,
samsung-galaxy-tab-s9-fe-plus,Samsung Galaxy Tab S9 FE+,,,,,,Condition,Fair,Storage,128GB,Color,Lavender,SAMSUNG-GALAXY-TAB-S9-FE-PLUS-128GB-LAVENDER-FAIR,600,,deny,manual,201.99,599.00,TRUE,TRUE,
samsung-galaxy-tab-s9-fe-plus,Samsung Galaxy Tab S9 FE+,,,,,,Condition,Fair,Storage,128GB,Color,Mint,SAMSUNG-GALAXY-TAB-S9-FE-PLUS-128GB-MINT-FAIR,600,,deny,manual,201.99,599.00,TRUE,TRUE,
samsung-galaxy-tab-s9-fe-plus,Samsung Galaxy Tab S9 FE+,,,,,,Condition,Fair,Storage,256GB,Color,Gray,SAMSUNG-GALAXY-TAB-S9-FE-PLUS-256GB-GRAY-FAIR,600,,deny,manual,246.99,699.00,TRUE,TRUE,
samsung-galaxy-tab-s9-fe-plus,Samsung Galaxy Tab S9 FE+,,,,,,Condition,Fair,Storage,256GB,Color,Silver,SAMSUNG-GALAXY-TAB-S9-FE-PLUS-256GB-SILVER-FAIR,600,,deny,manual,246.99,699.00,TRUE,TRUE,
samsung-galaxy-tab-s9-fe-plus,Samsung Galaxy Tab S9 FE+,,,,,,Condition,Fair,Storage,256GB,Color,Lavender,SAMSUNG-GALAXY-TAB-S9-FE-PLUS-256GB-LAVENDER-FAIR,600,,deny,manual,246.99,699.00,TRUE,TRUE,
samsung-galaxy-tab-s9-fe-plus,Samsung Galaxy Tab S9 FE+,,,,,,Condition,Fair,Storage,256GB,Color,Mint,SAMSUNG-GALAXY-TAB-S9-FE-PLUS-256GB-MINT-FAIR,600,,deny,manual,246.99,699.00,TRUE,TRUE,
samsung-galaxy-tab-s9-fe-plus,Samsung Galaxy Tab S9 FE+,,,,,,Condition,Good,Storage,128GB,Color,Gray,SAMSUNG-GALAXY-TAB-S9-FE-PLUS-128GB-GRAY-GOOD,600,,deny,manual,224.99,599.00,TRUE,TRUE,
samsung-galaxy-tab-s9-fe-plus,Samsung Galaxy Tab S9 FE+,,,,,,Condition,Good,Storage,128GB,Color,Silver,SAMSUNG-GALAXY-TAB-S9-FE-PLUS-128GB-SILVER-GOOD,600,,deny,manual,224.99,599.00,TRUE,TRUE,
samsung-galaxy-tab-s9-fe-plus,Samsung Galaxy Tab S9 FE+,,,,,,Condition,Good,Storage,128GB,Color,Lavender,SAMSUNG-GALAXY-TAB-S9-FE-PLUS-128GB-LAVENDER-GOOD,600,,deny,manual,224.99,599.00,TRUE,TRUE,
samsung-galaxy-tab-s9-fe-plus,Samsung Galaxy Tab S9 FE+,,,,,,Condition,Good,Storage,128GB,Color,Mint,SAMSUNG-GALAXY-TAB-S9-FE-PLUS-128GB-MINT-GOOD,600,,deny,manual,224.99,599.00,TRUE,TRUE,
samsung-galaxy-tab-s9-fe-plus,Samsung Galaxy Tab S9 FE+,,,,,,Condition,Good,Storage,256GB,Color,Gray,SAMSUNG-GALAXY-TAB-S9-FE-PLUS-256GB-GRAY-GOOD,600,,deny,manual,269.99,699.00,TRUE,TRUE,
samsung-galaxy-tab-s9-fe-plus,Samsung Galaxy Tab S9 FE+,,,,,,Condition,Good,Storage,256GB,Color,Silver,SAMSUNG-GALAXY-TAB-S9-FE-PLUS-256GB-SILVER-GOOD,600,,deny,manual,269.99,699.00,TRUE,TRUE,
samsung-galaxy-tab-s9-fe-plus,Samsung Galaxy Tab S9 FE+,,,,,,Condition,Good,Storage,256GB,Color,Lavender,SAMSUNG-GALAXY-TAB-S9-FE-PLUS-256GB-LAVENDER-GOOD,600,,deny,manual,269.99,699.00,TRUE,TRUE,
samsung-galaxy-tab-s9-fe-plus,Samsung Galaxy Tab S9 FE+,,,,,,Condition,Good,Storage,256GB,Color,Mint,SAMSUNG-GALAXY-TAB-S9-FE-PLUS-256GB-MINT-GOOD,600,,deny,manual,269.99,699.00,TRUE,TRUE,
samsung-galaxy-tab-s9-fe-plus,Samsung Galaxy Tab S9 FE+,,,,,,Condition,Excellent,Storage,128GB,Color,Gray,SAMSUNG-GALAXY-TAB-S9-FE-PLUS-128GB-GRAY-EXCELLENT,600,,deny,manual,251.99,599.00,TRUE,TRUE,
samsung-galaxy-tab-s9-fe-plus,Samsung Galaxy Tab S9 FE+,,,,,,Condition,Excellent,Storage,128GB,Color,Silver,SAMSUNG-GALAXY-TAB-S9-FE-PLUS-128GB-SILVER-EXCELLENT,600,,deny,manual,251.99,599.00,TRUE,TRUE,
samsung-galaxy-tab-s9-fe-plus,Samsung Galaxy Tab S9 FE+,,,,,,Condition,Excellent,Storage,128GB,Color,Lavender,SAMSUNG-GALAXY-TAB-S9-FE-PLUS-128GB-LAVENDER-EXCELLENT,600,,deny,manual,251.99,599.00,TRUE,TRUE,
samsung-galaxy-tab-s9-fe-plus,Samsung Galaxy Tab S9 FE+,,,,,,Condition,Excellent,Storage,128GB,Color,Mint,SAMSUNG-GALAXY-TAB-S9-FE-PLUS-128GB-MINT-EXCELLENT,600,,deny,manual,251.99,599.00,TRUE,TRUE,
samsung-galaxy-tab-s9-fe-plus,Samsung Galaxy Tab S9 FE+,,,,,,Condition,Excellent,Storage,256GB,Color,Gray,SAMSUNG-GALAXY-TAB-S9-FE-PLUS-256GB-GRAY-EXCELLENT,600,,deny,manual,296.99,699.00,TRUE,TRUE,
samsung-galaxy-tab-s9-fe-plus,Samsung Galaxy Tab S9 FE+,,,,,,Condition,Excellent,Storage,256GB,Color,Silver,SAMSUNG-GALAXY-TAB-S9-FE-PLUS-256GB-SILVER-EXCELLENT,600,,deny,manual,296.99,699.00,TRUE,TRUE,
samsung-galaxy-tab-s9-fe-plus,Samsung Galaxy Tab S9 FE+,,,,,,Condition,Excellent,Storage,256GB,Color,Lavender,SAMSUNG-GALAXY-TAB-S9-FE-PLUS-256GB-LAVENDER-EXCELLENT,600,,deny,manual,296.99,699.00,TRUE,TRUE,
samsung-galaxy-tab-s9-fe-plus,Samsung Galaxy Tab S9 FE+,,,,,,Condition,Excellent,Storage,256GB,Color,Mint,SAMSUNG-GALAXY-TAB-S9-FE-PLUS-256GB-MINT-EXCELLENT,600,,deny,manual,296.99,699.00,TRUE,TRUE,
samsung-galaxy-tab-s9-fe-plus,Samsung Galaxy Tab S9 FE+,,,,,,Condition,Premium,Storage,128GB,Color,Gray,SAMSUNG-GALAXY-TAB-S9-FE-PLUS-128GB-GRAY-PREMIUM,600,,deny,manual,280.99,599.00,TRUE,TRUE,
samsung-galaxy-tab-s9-fe-plus,Samsung Galaxy Tab S9 FE+,,,,,,Condition,Premium,Storage,128GB,Color,Silver,SAMSUNG-GALAXY-TAB-S9-FE-PLUS-128GB-SILVER-PREMIUM,600,,deny,manual,280.99,599.00,TRUE,TRUE,
samsung-galaxy-tab-s9-fe-plus,Samsung Galaxy Tab S9 FE+,,,,,,Condition,Premium,Storage,128GB,Color,Lavender,SAMSUNG-GALAXY-TAB-S9-FE-PLUS-128GB-LAVENDER-PREMIUM,600,,deny,manual,280.99,599.00,TRUE,TRUE,
samsung-galaxy-tab-s9-fe-plus,Samsung Galaxy Tab S9 FE+,,,,,,Condition,Premium,Storage,128GB,Color,Mint,SAMSUNG-GALAXY-TAB-S9-FE-PLUS-128GB-MINT-PREMIUM,600,,deny,manual,280.99,599.00,TRUE,TRUE,
samsung-galaxy-tab-s9-fe-plus,Samsung Galaxy Tab S9 FE+,,,,,,Condition,Premium,Storage,256GB,Color,Gray,SAMSUNG-GALAXY-TAB-S9-FE-PLUS-256GB-GRAY-PREMIUM,600,,deny,manual,325.99,699.00,TRUE,TRUE,
samsung-galaxy-tab-s9-fe-plus,Samsung Galaxy Tab S9 FE+,,,,,,Condition,Premium,Storage,256GB,Color,Silver,SAMSUNG-GALAXY-TAB-S9-FE-PLUS-256GB-SILVER-PREMIUM,600,,deny,manual,325.99,699.00,TRUE,TRUE,
samsung-galaxy-tab-s9-fe-plus,Samsung Galaxy Tab S9 FE+,,,,,,Condition,Premium,Storage,256GB,Color,Lavender,SAMSUNG-GALAXY-TAB-S9-FE-PLUS-256GB-LAVENDER-PREMIUM,600,,deny,manual,325.99,699.00,TRUE,TRUE,
samsung-galaxy-tab-s9-fe-plus,Samsung Galaxy Tab S9 FE+,,,,,,Condition,Premium,Storage,256GB,Color,Mint,SAMSUNG-GALAXY-TAB-S9-FE-PLUS-256GB-MINT-PREMIUM,600,,deny,manual,325.99,699.00,TRUE,TRUE,
samsung-galaxy-tab-s10-plus,Samsung Galaxy Tab S10+,"<p>Samsung Galaxy Tab S10+, Wi-Fi. Professionally refurbished, tested on up to 100 points, wiped and reset. 1-year warranty and free 30-day returns.</p><p><strong>Premium</strong> grade includes a brand-new battery.</p>",Samsung,Tablet,"condition:refurbished, Samsung, Galaxy Tab, Android Tablet, Tablets",TRUE,Condition,Fair,Storage,256GB,Color,Moonstone Gray,SAMSUNG-GALAXY-TAB-S10-PLUS-256GB-MOONSTONEGRAY-FAIR,600,,deny,manual,404.99,999.00,TRUE,TRUE,draft
samsung-galaxy-tab-s10-plus,Samsung Galaxy Tab S10+,,,,,,Condition,Fair,Storage,256GB,Color,Platinum Silver,SAMSUNG-GALAXY-TAB-S10-PLUS-256GB-PLATINUMSILVER-FAIR,600,,deny,manual,404.99,999.00,TRUE,TRUE,
samsung-galaxy-tab-s10-plus,Samsung Galaxy Tab S10+,,,,,,Condition,Fair,Storage,512GB,Color,Moonstone Gray,SAMSUNG-GALAXY-TAB-S10-PLUS-512GB-MOONSTONEGRAY-FAIR,600,,deny,manual,458.99,1119.00,TRUE,TRUE,
samsung-galaxy-tab-s10-plus,Samsung Galaxy Tab S10+,,,,,,Condition,Fair,Storage,512GB,Color,Platinum Silver,SAMSUNG-GALAXY-TAB-S10-PLUS-512GB-PLATINUMSILVER-FAIR,600,,deny,manual,458.99,1119.00,TRUE,TRUE,
samsung-galaxy-tab-s10-plus,Samsung Galaxy Tab S10+,,,,,,Condition,Good,Storage,256GB,Color,Moonstone Gray,SAMSUNG-GALAXY-TAB-S10-PLUS-256GB-MOONSTONEGRAY-GOOD,600,,deny,manual,449.99,999.00,TRUE,TRUE,
samsung-galaxy-tab-s10-plus,Samsung Galaxy Tab S10+,,,,,,Condition,Good,Storage,256GB,Color,Platinum Silver,SAMSUNG-GALAXY-TAB-S10-PLUS-256GB-PLATINUMSILVER-GOOD,600,,deny,manual,449.99,999.00,TRUE,TRUE,
samsung-galaxy-tab-s10-plus,Samsung Galaxy Tab S10+,,,,,,Condition,Good,Storage,512GB,Color,Moonstone Gray,SAMSUNG-GALAXY-TAB-S10-PLUS-512GB-MOONSTONEGRAY-GOOD,600,,deny,manual,503.99,1119.00,TRUE,TRUE,
samsung-galaxy-tab-s10-plus,Samsung Galaxy Tab S10+,,,,,,Condition,Good,Storage,512GB,Color,Platinum Silver,SAMSUNG-GALAXY-TAB-S10-PLUS-512GB-PLATINUMSILVER-GOOD,600,,deny,manual,503.99,1119.00,TRUE,TRUE,
samsung-galaxy-tab-s10-plus,Samsung Galaxy Tab S10+,,,,,,Condition,Excellent,Storage,256GB,Color,Moonstone Gray,SAMSUNG-GALAXY-TAB-S10-PLUS-256GB-MOONSTONEGRAY-EXCELLENT,600,,deny,manual,502.99,999.00,TRUE,TRUE,
samsung-galaxy-tab-s10-plus,Samsung Galaxy Tab S10+,,,,,,Condition,Excellent,Storage,256GB,Color,Platinum Silver,SAMSUNG-GALAXY-TAB-S10-PLUS-256GB-PLATINUMSILVER-EXCELLENT,600,,deny,manual,502.99,999.00,TRUE,TRUE,
samsung-galaxy-tab-s10-plus,Samsung Galaxy Tab S10+,,,,,,Condition,Excellent,Storage,512GB,Color,Moonstone Gray,SAMSUNG-GALAXY-TAB-S10-PLUS-512GB-MOONSTONEGRAY-EXCELLENT,600,,deny,manual,556.99,1119.00,TRUE,TRUE,
samsung-galaxy-tab-s10-plus,Samsung Galaxy Tab S10+,,,,,,Condition,Excellent,Storage,512GB,Color,Platinum Silver,SAMSUNG-GALAXY-TAB-S10-PLUS-512GB-PLATINUMSILVER-EXCELLENT,600,,deny,manual,556.99,1119.00,TRUE,TRUE,
samsung-galaxy-tab-s10-plus,Samsung Galaxy Tab S10+,,,,,,Condition,Premium,Storage,256GB,Color,Moonstone Gray,SAMSUNG-GALAXY-TAB-S10-PLUS-256GB-MOONSTONEGRAY-PREMIUM,600,,deny,manual,561.99,999.00,TRUE,TRUE,
samsung-galaxy-tab-s10-plus,Samsung Galaxy Tab S10+,,,,,,Condition,Premium,Storage,256GB,Color,Platinum Silver,SAMSUNG-GALAXY-TAB-S10-PLUS-256GB-PLATINUMSILVER-PREMIUM,600,,deny,manual,561.99,999.00,TRUE,TRUE,
samsung-galaxy-tab-s10-plus,Samsung Galaxy Tab S10+,,,,,,Condition,Premium,Storage,512GB,Color,Moonstone Gray,SAMSUNG-GALAXY-TAB-S10-PLUS-512GB-MOONSTONEGRAY-PREMIUM,600,,deny,manual,615.99,1119.00,TRUE,TRUE,
samsung-galaxy-tab-s10-plus,Samsung Galaxy Tab S10+,,,,,,Condition,Premium,Storage,512GB,Color,Platinum Silver,SAMSUNG-GALAXY-TAB-S10-PLUS-512GB-PLATINUMSILVER-PREMIUM,600,,deny,manual,615.99,1119.00,TRUE,TRUE,
samsung-galaxy-tab-s10-ultra,Samsung Galaxy Tab S10 Ultra,"<p>Samsung Galaxy Tab S10 Ultra, Wi-Fi. Professionally refurbished, tested on up to 100 points, wiped and reset. 1-year warranty and free 30-day returns.</p><p><strong>Premium</strong> grade includes a brand-new battery.</p>",Samsung,Tablet,"condition:refurbished, Samsung, Galaxy Tab, Android Tablet, Tablets",TRUE,Condition,Fair,Storage,256GB,Color,Moonstone Gray,SAMSUNG-GALAXY-TAB-S10-ULTRA-256GB-MOONSTONEGRAY-FAIR,600,,deny,manual,485.99,1199.00,TRUE,TRUE,draft
samsung-galaxy-tab-s10-ultra,Samsung Galaxy Tab S10 Ultra,,,,,,Condition,Fair,Storage,256GB,Color,Platinum Silver,SAMSUNG-GALAXY-TAB-S10-ULTRA-256GB-PLATINUMSILVER-FAIR,600,,deny,manual,485.99,1199.00,TRUE,TRUE,
samsung-galaxy-tab-s10-ultra,Samsung Galaxy Tab S10 Ultra,,,,,,Condition,Fair,Storage,512GB,Color,Moonstone Gray,SAMSUNG-GALAXY-TAB-S10-ULTRA-512GB-MOONSTONEGRAY-FAIR,600,,deny,manual,539.99,1319.00,TRUE,TRUE,
samsung-galaxy-tab-s10-ultra,Samsung Galaxy Tab S10 Ultra,,,,,,Condition,Fair,Storage,512GB,Color,Platinum Silver,SAMSUNG-GALAXY-TAB-S10-ULTRA-512GB-PLATINUMSILVER-FAIR,600,,deny,manual,539.99,1319.00,TRUE,TRUE,
samsung-galaxy-tab-s10-ultra,Samsung Galaxy Tab S10 Ultra,,,,,,Condition,Fair,Storage,1TB,Color,Moonstone Gray,SAMSUNG-GALAXY-TAB-S10-ULTRA-1TB-MOONSTONEGRAY-FAIR,600,,deny,manual,674.99,1619.00,TRUE,TRUE,
samsung-galaxy-tab-s10-ultra,Samsung Galaxy Tab S10 Ultra,,,,,,Condition,Fair,Storage,1TB,Color,Platinum Silver,SAMSUNG-GALAXY-TAB-S10-ULTRA-1TB-PLATINUMSILVER-FAIR,600,,deny,manual,674.99,1619.00,TRUE,TRUE,
samsung-galaxy-tab-s10-ultra,Samsung Galaxy Tab S10 Ultra,,,,,,Condition,Good,Storage,256GB,Color,Moonstone Gray,SAMSUNG-GALAXY-TAB-S10-ULTRA-256GB-MOONSTONEGRAY-GOOD,600,,deny,manual,539.99,1199.00,TRUE,TRUE,
samsung-galaxy-tab-s10-ultra,Samsung Galaxy Tab S10 Ultra,,,,,,Condition,Good,Storage,256GB,Color,Platinum Silver,SAMSUNG-GALAXY-TAB-S10-ULTRA-256GB-PLATINUMSILVER-GOOD,600,,deny,manual,539.99,1199.00,TRUE,TRUE,
samsung-galaxy-tab-s10-ultra,Samsung Galaxy Tab S10 Ultra,,,,,,Condition,Good,Storage,512GB,Color,Moonstone Gray,SAMSUNG-GALAXY-TAB-S10-ULTRA-512GB-MOONSTONEGRAY-GOOD,600,,deny,manual,593.99,1319.00,TRUE,TRUE,
samsung-galaxy-tab-s10-ultra,Samsung Galaxy Tab S10 Ultra,,,,,,Condition,Good,Storage,512GB,Color,Platinum Silver,SAMSUNG-GALAXY-TAB-S10-ULTRA-512GB-PLATINUMSILVER-GOOD,600,,deny,manual,593.99,1319.00,TRUE,TRUE,
samsung-galaxy-tab-s10-ultra,Samsung Galaxy Tab S10 Ultra,,,,,,Condition,Good,Storage,1TB,Color,Moonstone Gray,SAMSUNG-GALAXY-TAB-S10-ULTRA-1TB-MOONSTONEGRAY-GOOD,600,,deny,manual,728.99,1619.00,TRUE,TRUE,
samsung-galaxy-tab-s10-ultra,Samsung Galaxy Tab S10 Ultra,,,,,,Condition,Good,Storage,1TB,Color,Platinum Silver,SAMSUNG-GALAXY-TAB-S10-ULTRA-1TB-PLATINUMSILVER-GOOD,600,,deny,manual,728.99,1619.00,TRUE,TRUE,
samsung-galaxy-tab-s10-ultra,Samsung Galaxy Tab S10 Ultra,,,,,,Condition,Excellent,Storage,256GB,Color,Moonstone Gray,SAMSUNG-GALAXY-TAB-S10-ULTRA-256GB-MOONSTONEGRAY-EXCELLENT,600,,deny,manual,603.99,1199.00,TRUE,TRUE,
samsung-galaxy-tab-s10-ultra,Samsung Galaxy Tab S10 Ultra,,,,,,Condition,Excellent,Storage,256GB,Color,Platinum Silver,SAMSUNG-GALAXY-TAB-S10-ULTRA-256GB-PLATINUMSILVER-EXCELLENT,600,,deny,manual,603.99,1199.00,TRUE,TRUE,
samsung-galaxy-tab-s10-ultra,Samsung Galaxy Tab S10 Ultra,,,,,,Condition,Excellent,Storage,512GB,Color,Moonstone Gray,SAMSUNG-GALAXY-TAB-S10-ULTRA-512GB-MOONSTONEGRAY-EXCELLENT,600,,deny,manual,657.99,1319.00,TRUE,TRUE,
samsung-galaxy-tab-s10-ultra,Samsung Galaxy Tab S10 Ultra,,,,,,Condition,Excellent,Storage,512GB,Color,Platinum Silver,SAMSUNG-GALAXY-TAB-S10-ULTRA-512GB-PLATINUMSILVER-EXCELLENT,600,,deny,manual,657.99,1319.00,TRUE,TRUE,
samsung-galaxy-tab-s10-ultra,Samsung Galaxy Tab S10 Ultra,,,,,,Condition,Excellent,Storage,1TB,Color,Moonstone Gray,SAMSUNG-GALAXY-TAB-S10-ULTRA-1TB-MOONSTONEGRAY-EXCELLENT,600,,deny,manual,792.99,1619.00,TRUE,TRUE,
samsung-galaxy-tab-s10-ultra,Samsung Galaxy Tab S10 Ultra,,,,,,Condition,Excellent,Storage,1TB,Color,Platinum Silver,SAMSUNG-GALAXY-TAB-S10-ULTRA-1TB-PLATINUMSILVER-EXCELLENT,600,,deny,manual,792.99,1619.00,TRUE,TRUE,
samsung-galaxy-tab-s10-ultra,Samsung Galaxy Tab S10 Ultra,,,,,,Condition,Premium,Storage,256GB,Color,Moonstone Gray,SAMSUNG-GALAXY-TAB-S10-ULTRA-256GB-MOONSTONEGRAY-PREMIUM,600,,deny,manual,673.99,1199.00,TRUE,TRUE,
samsung-galaxy-tab-s10-ultra,Samsung Galaxy Tab S10 Ultra,,,,,,Condition,Premium,Storage,256GB,Color,Platinum Silver,SAMSUNG-GALAXY-TAB-S10-ULTRA-256GB-PLATINUMSILVER-PREMIUM,600,,deny,manual,673.99,1199.00,TRUE,TRUE,
samsung-galaxy-tab-s10-ultra,Samsung Galaxy Tab S10 Ultra,,,,,,Condition,Premium,Storage,512GB,Color,Moonstone Gray,SAMSUNG-GALAXY-TAB-S10-ULTRA-512GB-MOONSTONEGRAY-PREMIUM,600,,deny,manual,727.99,1319.00,TRUE,TRUE,
samsung-galaxy-tab-s10-ultra,Samsung Galaxy Tab S10 Ultra,,,,,,Condition,Premium,Storage,512GB,Color,Platinum Silver,SAMSUNG-GALAXY-TAB-S10-ULTRA-512GB-PLATINUMSILVER-PREMIUM,600,,deny,manual,727.99,1319.00,TRUE,TRUE,
samsung-galaxy-tab-s10-ultra,Samsung Galaxy Tab S10 Ultra,,,,,,Condition,Premium,Storage,1TB,Color,Moonstone Gray,SAMSUNG-GALAXY-TAB-S10-ULTRA-1TB-MOONSTONEGRAY-PREMIUM,600,,deny,manual,862.99,1619.00,TRUE,TRUE,
samsung-galaxy-tab-s10-ultra,Samsung Galaxy Tab S10 Ultra,,,,,,Condition,Premium,Storage,1TB,Color,Platinum Silver,SAMSUNG-GALAXY-TAB-S10-ULTRA-1TB-PLATINUMSILVER-PREMIUM,600,,deny,manual,862.99,1619.00,TRUE,TRUE,
samsung-galaxy-tab-s10-fe,Samsung Galaxy Tab S10 FE,"<p>Samsung Galaxy Tab S10 FE, Wi-Fi. Professionally refurbished, tested on up to 100 points, wiped and reset. 1-year warranty and free 30-day returns.</p><p><strong>Premium</strong> grade includes a brand-new battery.</p>",Samsung,Tablet,"condition:refurbished, Samsung, Galaxy Tab, Android Tablet, Tablets",TRUE,Condition,Fair,Storage,128GB,Color,Gray,SAMSUNG-GALAXY-TAB-S10-FE-128GB-GRAY-FAIR,600,,deny,manual,242.99,499.00,TRUE,TRUE,draft
samsung-galaxy-tab-s10-fe,Samsung Galaxy Tab S10 FE,,,,,,Condition,Fair,Storage,128GB,Color,Silver,SAMSUNG-GALAXY-TAB-S10-FE-128GB-SILVER-FAIR,600,,deny,manual,242.99,499.00,TRUE,TRUE,
samsung-galaxy-tab-s10-fe,Samsung Galaxy Tab S10 FE,,,,,,Condition,Fair,Storage,128GB,Color,Blue,SAMSUNG-GALAXY-TAB-S10-FE-128GB-BLUE-FAIR,600,,deny,manual,242.99,499.00,TRUE,TRUE,
samsung-galaxy-tab-s10-fe,Samsung Galaxy Tab S10 FE,,,,,,Condition,Fair,Storage,256GB,Color,Gray,SAMSUNG-GALAXY-TAB-S10-FE-256GB-GRAY-FAIR,600,,deny,manual,278.99,579.00,TRUE,TRUE,
samsung-galaxy-tab-s10-fe,Samsung Galaxy Tab S10 FE,,,,,,Condition,Fair,Storage,256GB,Color,Silver,SAMSUNG-GALAXY-TAB-S10-FE-256GB-SILVER-FAIR,600,,deny,manual,278.99,579.00,TRUE,TRUE,
samsung-galaxy-tab-s10-fe,Samsung Galaxy Tab S10 FE,,,,,,Condition,Fair,Storage,256GB,Color,Blue,SAMSUNG-GALAXY-TAB-S10-FE-256GB-BLUE-FAIR,600,,deny,manual,278.99,579.00,TRUE,TRUE,
samsung-galaxy-tab-s10-fe,Samsung Galaxy Tab S10 FE,,,,,,Condition,Good,Storage,128GB,Color,Gray,SAMSUNG-GALAXY-TAB-S10-FE-128GB-GRAY-GOOD,600,,deny,manual,268.99,499.00,TRUE,TRUE,
samsung-galaxy-tab-s10-fe,Samsung Galaxy Tab S10 FE,,,,,,Condition,Good,Storage,128GB,Color,Silver,SAMSUNG-GALAXY-TAB-S10-FE-128GB-SILVER-GOOD,600,,deny,manual,268.99,499.00,TRUE,TRUE,
samsung-galaxy-tab-s10-fe,Samsung Galaxy Tab S10 FE,,,,,,Condition,Good,Storage,128GB,Color,Blue,SAMSUNG-GALAXY-TAB-S10-FE-128GB-BLUE-GOOD,600,,deny,manual,268.99,499.00,TRUE,TRUE,
samsung-galaxy-tab-s10-fe,Samsung Galaxy Tab S10 FE,,,,,,Condition,Good,Storage,256GB,Color,Gray,SAMSUNG-GALAXY-TAB-S10-FE-256GB-GRAY-GOOD,600,,deny,manual,304.99,579.00,TRUE,TRUE,
samsung-galaxy-tab-s10-fe,Samsung Galaxy Tab S10 FE,,,,,,Condition,Good,Storage,256GB,Color,Silver,SAMSUNG-GALAXY-TAB-S10-FE-256GB-SILVER-GOOD,600,,deny,manual,304.99,579.00,TRUE,TRUE,
samsung-galaxy-tab-s10-fe,Samsung Galaxy Tab S10 FE,,,,,,Condition,Good,Storage,256GB,Color,Blue,SAMSUNG-GALAXY-TAB-S10-FE-256GB-BLUE-GOOD,600,,deny,manual,304.99,579.00,TRUE,TRUE,
samsung-galaxy-tab-s10-fe,Samsung Galaxy Tab S10 FE,,,,,,Condition,Excellent,Storage,128GB,Color,Gray,SAMSUNG-GALAXY-TAB-S10-FE-128GB-GRAY-EXCELLENT,600,,deny,manual,301.99,499.00,TRUE,TRUE,
samsung-galaxy-tab-s10-fe,Samsung Galaxy Tab S10 FE,,,,,,Condition,Excellent,Storage,128GB,Color,Silver,SAMSUNG-GALAXY-TAB-S10-FE-128GB-SILVER-EXCELLENT,600,,deny,manual,301.99,499.00,TRUE,TRUE,
samsung-galaxy-tab-s10-fe,Samsung Galaxy Tab S10 FE,,,,,,Condition,Excellent,Storage,128GB,Color,Blue,SAMSUNG-GALAXY-TAB-S10-FE-128GB-BLUE-EXCELLENT,600,,deny,manual,301.99,499.00,TRUE,TRUE,
samsung-galaxy-tab-s10-fe,Samsung Galaxy Tab S10 FE,,,,,,Condition,Excellent,Storage,256GB,Color,Gray,SAMSUNG-GALAXY-TAB-S10-FE-256GB-GRAY-EXCELLENT,600,,deny,manual,337.99,579.00,TRUE,TRUE,
samsung-galaxy-tab-s10-fe,Samsung Galaxy Tab S10 FE,,,,,,Condition,Excellent,Storage,256GB,Color,Silver,SAMSUNG-GALAXY-TAB-S10-FE-256GB-SILVER-EXCELLENT,600,,deny,manual,337.99,579.00,TRUE,TRUE,
samsung-galaxy-tab-s10-fe,Samsung Galaxy Tab S10 FE,,,,,,Condition,Excellent,Storage,256GB,Color,Blue,SAMSUNG-GALAXY-TAB-S10-FE-256GB-BLUE-EXCELLENT,600,,deny,manual,337.99,579.00,TRUE,TRUE,
samsung-galaxy-tab-s10-fe,Samsung Galaxy Tab S10 FE,,,,,,Condition,Premium,Storage,128GB,Color,Gray,SAMSUNG-GALAXY-TAB-S10-FE-128GB-GRAY-PREMIUM,600,,deny,manual,336.99,499.00,TRUE,TRUE,
samsung-galaxy-tab-s10-fe,Samsung Galaxy Tab S10 FE,,,,,,Condition,Premium,Storage,128GB,Color,Silver,SAMSUNG-GALAXY-TAB-S10-FE-128GB-SILVER-PREMIUM,600,,deny,manual,336.99,499.00,TRUE,TRUE,
samsung-galaxy-tab-s10-fe,Samsung Galaxy Tab S10 FE,,,,,,Condition,Premium,Storage,128GB,Color,Blue,SAMSUNG-GALAXY-TAB-S10-FE-128GB-BLUE-PREMIUM,600,,deny,manual,336.99,499.00,TRUE,TRUE,
samsung-galaxy-tab-s10-fe,Samsung Galaxy Tab S10 FE,,,,,,Condition,Premium,Storage,256GB,Color,Gray,SAMSUNG-GALAXY-TAB-S10-FE-256GB-GRAY-PREMIUM,600,,deny,manual,372.99,579.00,TRUE,TRUE,
samsung-galaxy-tab-s10-fe,Samsung Galaxy Tab S10 FE,,,,,,Condition,Premium,Storage,256GB,Color,Silver,SAMSUNG-GALAXY-TAB-S10-FE-256GB-SILVER-PREMIUM,600,,deny,manual,372.99,579.00,TRUE,TRUE,
samsung-galaxy-tab-s10-fe,Samsung Galaxy Tab S10 FE,,,,,,Condition,Premium,Storage,256GB,Color,Blue,SAMSUNG-GALAXY-TAB-S10-FE-256GB-BLUE-PREMIUM,600,,deny,manual,372.99,579.00,TRUE,TRUE,
samsung-galaxy-tab-s10-fe-plus,Samsung Galaxy Tab S10 FE+,"<p>Samsung Galaxy Tab S10 FE+, Wi-Fi. Professionally refurbished, tested on up to 100 points, wiped and reset. 1-year warranty and free 30-day returns.</p><p><strong>Premium</strong> grade includes a brand-new battery.</p>",Samsung,Tablet,"condition:refurbished, Samsung, Galaxy Tab, Android Tablet, Tablets",TRUE,Condition,Fair,Storage,128GB,Color,Gray,SAMSUNG-GALAXY-TAB-S10-FE-PLUS-128GB-GRAY-FAIR,600,,deny,manual,314.99,649.00,TRUE,TRUE,draft
samsung-galaxy-tab-s10-fe-plus,Samsung Galaxy Tab S10 FE+,,,,,,Condition,Fair,Storage,128GB,Color,Silver,SAMSUNG-GALAXY-TAB-S10-FE-PLUS-128GB-SILVER-FAIR,600,,deny,manual,314.99,649.00,TRUE,TRUE,
samsung-galaxy-tab-s10-fe-plus,Samsung Galaxy Tab S10 FE+,,,,,,Condition,Fair,Storage,128GB,Color,Blue,SAMSUNG-GALAXY-TAB-S10-FE-PLUS-128GB-BLUE-FAIR,600,,deny,manual,314.99,649.00,TRUE,TRUE,
samsung-galaxy-tab-s10-fe-plus,Samsung Galaxy Tab S10 FE+,,,,,,Condition,Fair,Storage,256GB,Color,Gray,SAMSUNG-GALAXY-TAB-S10-FE-PLUS-256GB-GRAY-FAIR,600,,deny,manual,359.99,749.00,TRUE,TRUE,
samsung-galaxy-tab-s10-fe-plus,Samsung Galaxy Tab S10 FE+,,,,,,Condition,Fair,Storage,256GB,Color,Silver,SAMSUNG-GALAXY-TAB-S10-FE-PLUS-256GB-SILVER-FAIR,600,,deny,manual,359.99,749.00,TRUE,TRUE,
samsung-galaxy-tab-s10-fe-plus,Samsung Galaxy Tab S10 FE+,,,,,,Condition,Fair,Storage,256GB,Color,Blue,SAMSUNG-GALAXY-TAB-S10-FE-PLUS-256GB-BLUE-FAIR,600,,deny,manual,359.99,749.00,TRUE,TRUE,
samsung-galaxy-tab-s10-fe-plus,Samsung Galaxy Tab S10 FE+,,,,,,Condition,Good,Storage,128GB,Color,Gray,SAMSUNG-GALAXY-TAB-S10-FE-PLUS-128GB-GRAY-GOOD,600,,deny,manual,349.99,649.00,TRUE,TRUE,
samsung-galaxy-tab-s10-fe-plus,Samsung Galaxy Tab S10 FE+,,,,,,Condition,Good,Storage,128GB,Color,Silver,SAMSUNG-GALAXY-TAB-S10-FE-PLUS-128GB-SILVER-GOOD,600,,deny,manual,349.99,649.00,TRUE,TRUE,
samsung-galaxy-tab-s10-fe-plus,Samsung Galaxy Tab S10 FE+,,,,,,Condition,Good,Storage,128GB,Color,Blue,SAMSUNG-GALAXY-TAB-S10-FE-PLUS-128GB-BLUE-GOOD,600,,deny,manual,349.99,649.00,TRUE,TRUE,
samsung-galaxy-tab-s10-fe-plus,Samsung Galaxy Tab S10 FE+,,,,,,Condition,Good,Storage,256GB,Color,Gray,SAMSUNG-GALAXY-TAB-S10-FE-PLUS-256GB-GRAY-GOOD,600,,deny,manual,394.99,749.00,TRUE,TRUE,
samsung-galaxy-tab-s10-fe-plus,Samsung Galaxy Tab S10 FE+,,,,,,Condition,Good,Storage,256GB,Color,Silver,SAMSUNG-GALAXY-TAB-S10-FE-PLUS-256GB-SILVER-GOOD,600,,deny,manual,394.99,749.00,TRUE,TRUE,
samsung-galaxy-tab-s10-fe-plus,Samsung Galaxy Tab S10 FE+,,,,,,Condition,Good,Storage,256GB,Color,Blue,SAMSUNG-GALAXY-TAB-S10-FE-PLUS-256GB-BLUE-GOOD,600,,deny,manual,394.99,749.00,TRUE,TRUE,
samsung-galaxy-tab-s10-fe-plus,Samsung Galaxy Tab S10 FE+,,,,,,Condition,Excellent,Storage,128GB,Color,Gray,SAMSUNG-GALAXY-TAB-S10-FE-PLUS-128GB-GRAY-EXCELLENT,600,,deny,manual,392.99,649.00,TRUE,TRUE,
samsung-galaxy-tab-s10-fe-plus,Samsung Galaxy Tab S10 FE+,,,,,,Condition,Excellent,Storage,128GB,Color,Silver,SAMSUNG-GALAXY-TAB-S10-FE-PLUS-128GB-SILVER-EXCELLENT,600,,deny,manual,392.99,649.00,TRUE,TRUE,
samsung-galaxy-tab-s10-fe-plus,Samsung Galaxy Tab S10 FE+,,,,,,Condition,Excellent,Storage,128GB,Color,Blue,SAMSUNG-GALAXY-TAB-S10-FE-PLUS-128GB-BLUE-EXCELLENT,600,,deny,manual,392.99,649.00,TRUE,TRUE,
samsung-galaxy-tab-s10-fe-plus,Samsung Galaxy Tab S10 FE+,,,,,,Condition,Excellent,Storage,256GB,Color,Gray,SAMSUNG-GALAXY-TAB-S10-FE-PLUS-256GB-GRAY-EXCELLENT,600,,deny,manual,437.99,749.00,TRUE,TRUE,
samsung-galaxy-tab-s10-fe-plus,Samsung Galaxy Tab S10 FE+,,,,,,Condition,Excellent,Storage,256GB,Color,Silver,SAMSUNG-GALAXY-TAB-S10-FE-PLUS-256GB-SILVER-EXCELLENT,600,,deny,manual,437.99,749.00,TRUE,TRUE,
samsung-galaxy-tab-s10-fe-plus,Samsung Galaxy Tab S10 FE+,,,,,,Condition,Excellent,Storage,256GB,Color,Blue,SAMSUNG-GALAXY-TAB-S10-FE-PLUS-256GB-BLUE-EXCELLENT,600,,deny,manual,437.99,749.00,TRUE,TRUE,
samsung-galaxy-tab-s10-fe-plus,Samsung Galaxy Tab S10 FE+,,,,,,Condition,Premium,Storage,128GB,Color,Gray,SAMSUNG-GALAXY-TAB-S10-FE-PLUS-128GB-GRAY-PREMIUM,600,,deny,manual,437.99,649.00,TRUE,TRUE,
samsung-galaxy-tab-s10-fe-plus,Samsung Galaxy Tab S10 FE+,,,,,,Condition,Premium,Storage,128GB,Color,Silver,SAMSUNG-GALAXY-TAB-S10-FE-PLUS-128GB-SILVER-PREMIUM,600,,deny,manual,437.99,649.00,TRUE,TRUE,
samsung-galaxy-tab-s10-fe-plus,Samsung Galaxy Tab S10 FE+,,,,,,Condition,Premium,Storage,128GB,Color,Blue,SAMSUNG-GALAXY-TAB-S10-FE-PLUS-128GB-BLUE-PREMIUM,600,,deny,manual,437.99,649.00,TRUE,TRUE,
samsung-galaxy-tab-s10-fe-plus,Samsung Galaxy Tab S10 FE+,,,,,,Condition,Premium,Storage,256GB,Color,Gray,SAMSUNG-GALAXY-TAB-S10-FE-PLUS-256GB-GRAY-PREMIUM,600,,deny,manual,482.99,749.00,TRUE,TRUE,
samsung-galaxy-tab-s10-fe-plus,Samsung Galaxy Tab S10 FE+,,,,,,Condition,Premium,Storage,256GB,Color,Silver,SAMSUNG-GALAXY-TAB-S10-FE-PLUS-256GB-SILVER-PREMIUM,600,,deny,manual,482.99,749.00,TRUE,TRUE,
samsung-galaxy-tab-s10-fe-plus,Samsung Galaxy Tab S10 FE+,,,,,,Condition,Premium,Storage,256GB,Color,Blue,SAMSUNG-GALAXY-TAB-S10-FE-PLUS-256GB-BLUE-PREMIUM,600,,deny,manual,482.99,749.00,TRUE,TRUE,
samsung-galaxy-tab-a9-plus,Samsung Galaxy Tab A9+,"<p>Samsung Galaxy Tab A9+, Wi-Fi. Professionally refurbished, tested on up to 100 points, wiped and reset. 1-year warranty and free 30-day returns.</p><p><strong>Premium</strong> grade includes a brand-new battery.</p>",Samsung,Tablet,"condition:refurbished, Samsung, Galaxy Tab, Android Tablet, Tablets",TRUE,Condition,Fair,Storage,64GB,Color,Graphite,SAMSUNG-GALAXY-TAB-A9-PLUS-64GB-GRAPHITE-FAIR,600,,deny,manual,73.99,219.00,TRUE,TRUE,draft
samsung-galaxy-tab-a9-plus,Samsung Galaxy Tab A9+,,,,,,Condition,Fair,Storage,64GB,Color,Silver,SAMSUNG-GALAXY-TAB-A9-PLUS-64GB-SILVER-FAIR,600,,deny,manual,73.99,219.00,TRUE,TRUE,
samsung-galaxy-tab-a9-plus,Samsung Galaxy Tab A9+,,,,,,Condition,Fair,Storage,64GB,Color,Navy,SAMSUNG-GALAXY-TAB-A9-PLUS-64GB-NAVY-FAIR,600,,deny,manual,73.99,219.00,TRUE,TRUE,
samsung-galaxy-tab-a9-plus,Samsung Galaxy Tab A9+,,,,,,Condition,Fair,Storage,128GB,Color,Graphite,SAMSUNG-GALAXY-TAB-A9-PLUS-128GB-GRAPHITE-FAIR,600,,deny,manual,95.99,269.00,TRUE,TRUE,
samsung-galaxy-tab-a9-plus,Samsung Galaxy Tab A9+,,,,,,Condition,Fair,Storage,128GB,Color,Silver,SAMSUNG-GALAXY-TAB-A9-PLUS-128GB-SILVER-FAIR,600,,deny,manual,95.99,269.00,TRUE,TRUE,
samsung-galaxy-tab-a9-plus,Samsung Galaxy Tab A9+,,,,,,Condition,Fair,Storage,128GB,Color,Navy,SAMSUNG-GALAXY-TAB-A9-PLUS-128GB-NAVY-FAIR,600,,deny,manual,95.99,269.00,TRUE,TRUE,
samsung-galaxy-tab-a9-plus,Samsung Galaxy Tab A9+,,,,,,Condition,Good,Storage,64GB,Color,Graphite,SAMSUNG-GALAXY-TAB-A9-PLUS-64GB-GRAPHITE-GOOD,600,,deny,manual,81.99,219.00,TRUE,TRUE,
samsung-galaxy-tab-a9-plus,Samsung Galaxy Tab A9+,,,,,,Condition,Good,Storage,64GB,Color,Silver,SAMSUNG-GALAXY-TAB-A9-PLUS-64GB-SILVER-GOOD,600,,deny,manual,81.99,219.00,TRUE,TRUE,
samsung-galaxy-tab-a9-plus,Samsung Galaxy Tab A9+,,,,,,Condition,Good,Storage,64GB,Color,Navy,SAMSUNG-GALAXY-TAB-A9-PLUS-64GB-NAVY-GOOD,600,,deny,manual,81.99,219.00,TRUE,TRUE,
samsung-galaxy-tab-a9-plus,Samsung Galaxy Tab A9+,,,,,,Condition,Good,Storage,128GB,Color,Graphite,SAMSUNG-GALAXY-TAB-A9-PLUS-128GB-GRAPHITE-GOOD,600,,deny,manual,104.99,269.00,TRUE,TRUE,
samsung-galaxy-tab-a9-plus,Samsung Galaxy Tab A9+,,,,,,Condition,Good,Storage,128GB,Color,Silver,SAMSUNG-GALAXY-TAB-A9-PLUS-128GB-SILVER-GOOD,600,,deny,manual,104.99,269.00,TRUE,TRUE,
samsung-galaxy-tab-a9-plus,Samsung Galaxy Tab A9+,,,,,,Condition,Good,Storage,128GB,Color,Navy,SAMSUNG-GALAXY-TAB-A9-PLUS-128GB-NAVY-GOOD,600,,deny,manual,104.99,269.00,TRUE,TRUE,
samsung-galaxy-tab-a9-plus,Samsung Galaxy Tab A9+,,,,,,Condition,Excellent,Storage,64GB,Color,Graphite,SAMSUNG-GALAXY-TAB-A9-PLUS-64GB-GRAPHITE-EXCELLENT,600,,deny,manual,91.99,219.00,TRUE,TRUE,
samsung-galaxy-tab-a9-plus,Samsung Galaxy Tab A9+,,,,,,Condition,Excellent,Storage,64GB,Color,Silver,SAMSUNG-GALAXY-TAB-A9-PLUS-64GB-SILVER-EXCELLENT,600,,deny,manual,91.99,219.00,TRUE,TRUE,
samsung-galaxy-tab-a9-plus,Samsung Galaxy Tab A9+,,,,,,Condition,Excellent,Storage,64GB,Color,Navy,SAMSUNG-GALAXY-TAB-A9-PLUS-64GB-NAVY-EXCELLENT,600,,deny,manual,91.99,219.00,TRUE,TRUE,
samsung-galaxy-tab-a9-plus,Samsung Galaxy Tab A9+,,,,,,Condition,Excellent,Storage,128GB,Color,Graphite,SAMSUNG-GALAXY-TAB-A9-PLUS-128GB-GRAPHITE-EXCELLENT,600,,deny,manual,113.99,269.00,TRUE,TRUE,
samsung-galaxy-tab-a9-plus,Samsung Galaxy Tab A9+,,,,,,Condition,Excellent,Storage,128GB,Color,Silver,SAMSUNG-GALAXY-TAB-A9-PLUS-128GB-SILVER-EXCELLENT,600,,deny,manual,113.99,269.00,TRUE,TRUE,
samsung-galaxy-tab-a9-plus,Samsung Galaxy Tab A9+,,,,,,Condition,Excellent,Storage,128GB,Color,Navy,SAMSUNG-GALAXY-TAB-A9-PLUS-128GB-NAVY-EXCELLENT,600,,deny,manual,113.99,269.00,TRUE,TRUE,
samsung-galaxy-tab-a9-plus,Samsung Galaxy Tab A9+,,,,,,Condition,Premium,Storage,64GB,Color,Graphite,SAMSUNG-GALAXY-TAB-A9-PLUS-64GB-GRAPHITE-PREMIUM,600,,deny,manual,102.99,219.00,TRUE,TRUE,
samsung-galaxy-tab-a9-plus,Samsung Galaxy Tab A9+,,,,,,Condition,Premium,Storage,64GB,Color,Silver,SAMSUNG-GALAXY-TAB-A9-PLUS-64GB-SILVER-PREMIUM,600,,deny,manual,102.99,219.00,TRUE,TRUE,
samsung-galaxy-tab-a9-plus,Samsung Galaxy Tab A9+,,,,,,Condition,Premium,Storage,64GB,Color,Navy,SAMSUNG-GALAXY-TAB-A9-PLUS-64GB-NAVY-PREMIUM,600,,deny,manual,102.99,219.00,TRUE,TRUE,
samsung-galaxy-tab-a9-plus,Samsung Galaxy Tab A9+,,,,,,Condition,Premium,Storage,128GB,Color,Graphite,SAMSUNG-GALAXY-TAB-A9-PLUS-128GB-GRAPHITE-PREMIUM,600,,deny,manual,124.99,269.00,TRUE,TRUE,
samsung-galaxy-tab-a9-plus,Samsung Galaxy Tab A9+,,,,,,Condition,Premium,Storage,128GB,Color,Silver,SAMSUNG-GALAXY-TAB-A9-PLUS-128GB-SILVER-PREMIUM,600,,deny,manual,124.99,269.00,TRUE,TRUE,
samsung-galaxy-tab-a9-plus,Samsung Galaxy Tab A9+,,,,,,Condition,Premium,Storage,128GB,Color,Navy,SAMSUNG-GALAXY-TAB-A9-PLUS-128GB-NAVY-PREMIUM,600,,deny,manual,124.99,269.00,TRUE,TRUE,
