model,storage,like_new,good,fair,cracked,defective
"iPhone 17 Pro Max",256GB,942,800,660,377,188
"iPhone 17 Pro Max",512GB,1016,864,712,407,203
"iPhone 17 Pro Max",1TB,1092,929,764,437,218
"iPhone 17 Pro Max",2TB,1168,992,817,467,234
"iPhone 17 Pro",256GB,902,767,631,361,180
"iPhone 17 Pro",512GB,974,828,682,390,194
"iPhone 17 Pro",1TB,1046,889,732,419,209
"iPhone Air",256GB,718,610,503,287,144
"iPhone Air",512GB,775,659,542,310,155
"iPhone Air",1TB,833,708,583,334,167
"iPhone 17",256GB,701,595,491,281,140
"iPhone 17",512GB,757,643,530,302,151
"iPhone 16 Pro Max",256GB,798,678,558,319,160
"iPhone 16 Pro Max",512GB,862,732,604,344,173
"iPhone 16 Pro Max",1TB,925,786,648,370,185
"iPhone 16 Pro",128GB,616,523,431,246,124
"iPhone 16 Pro",256GB,665,565,466,266,133
"iPhone 16 Pro",512GB,714,607,499,286,143
"iPhone 16 Pro",1TB,763,649,534,305,152
"iPhone 16 Plus",128GB,533,452,373,214,107
"iPhone 16 Plus",256GB,575,488,402,230,115
"iPhone 16 Plus",512GB,618,526,432,247,124
"iPhone 16",128GB,508,432,355,203,102
"iPhone 16",256GB,548,466,384,220,109
"iPhone 16",512GB,589,500,413,235,118
"iPhone 15 Pro Max",256GB,588,499,412,235,118
"iPhone 15 Pro Max",512GB,635,540,444,254,127
"iPhone 15 Pro Max",1TB,682,580,478,272,137
"iPhone 15 Pro",128GB,470,400,329,188,94
"iPhone 15 Pro",256GB,508,432,355,203,102
"iPhone 15 Pro",512GB,546,464,382,218,109
"iPhone 15 Pro",1TB,583,496,408,233,116
"iPhone 15 Plus",128GB,404,343,283,162,80
"iPhone 15 Plus",256GB,437,371,306,175,88
"iPhone 15 Plus",512GB,469,398,329,187,94
"iPhone 15",128GB,364,310,254,145,73
"iPhone 15",256GB,392,334,275,157,78
"iPhone 15",512GB,421,358,295,168,84
"iPhone 14 Pro Max",128GB,467,397,326,187,94
"iPhone 14 Pro Max",256GB,504,428,353,202,101
"iPhone 14 Pro Max",512GB,541,460,379,216,108
"iPhone 14 Pro Max",1TB,578,492,404,232,115
"iPhone 14 Pro",128GB,380,323,266,152,76
"iPhone 14 Pro",256GB,410,349,287,164,82
"iPhone 14 Pro",512GB,442,376,310,176,89
"iPhone 14 Pro",1TB,472,401,330,188,95
"iPhone 14 Plus",128GB,280,238,196,112,56
"iPhone 14 Plus",256GB,301,256,211,120,60
"iPhone 14 Plus",512GB,324,276,227,130,65
"iPhone 14",128GB,317,269,222,127,64
"iPhone 14",256GB,342,290,240,137,68
"iPhone 14",512GB,367,312,257,146,73
"iPhone 13 Pro Max",128GB,348,295,244,139,70
"iPhone 13 Pro Max",256GB,377,320,264,151,76
"iPhone 13 Pro Max",512GB,404,343,283,162,80
"iPhone 13 Pro Max",1TB,432,367,302,173,86
"iPhone 13 Pro",128GB,342,290,240,137,68
"iPhone 13 Pro",256GB,368,313,258,148,73
"iPhone 13 Pro",512GB,396,336,277,158,79
"iPhone 13 Pro",1TB,424,360,296,169,85
"iPhone 13",128GB,236,200,166,95,47
"iPhone 13",256GB,254,216,178,102,50
"iPhone 13",512GB,274,233,192,109,55
"iPhone 13 mini",128GB,229,194,161,91,46
"iPhone 13 mini",256GB,247,210,173,98,49
"iPhone 13 mini",512GB,265,226,186,106,53
"iPhone 12 Pro Max",128GB,253,215,178,101,50
"iPhone 12 Pro Max",256GB,274,233,192,109,55
"iPhone 12 Pro Max",512GB,294,250,206,118,59
"iPhone 12 Pro",128GB,220,187,154,88,44
"iPhone 12 Pro",256GB,236,200,166,95,47
"iPhone 12 Pro",512GB,254,216,178,102,50
"iPhone 12",64GB,157,133,110,62,31
"iPhone 12",128GB,170,145,119,68,34
"iPhone 12",256GB,182,155,127,73,36
"iPhone 12 mini",64GB,146,125,102,59,29
"iPhone 12 mini",128GB,158,134,110,64,31
"iPhone 12 mini",256GB,170,145,119,68,34
"iPhone 11 Pro Max",64GB,199,169,139,79,40
"iPhone 11 Pro Max",256GB,215,182,150,86,43
"iPhone 11 Pro Max",512GB,230,196,161,92,46
"iPhone 11 Pro",64GB,154,131,108,61,31
"iPhone 11 Pro",256GB,167,142,116,67,34
"iPhone 11 Pro",512GB,179,152,125,72,36
"iPhone 11",64GB,134,114,94,54,26
"iPhone 11",128GB,145,124,102,58,29
"iPhone 11",256GB,156,132,109,62,31
"iPhone SE (3rd gen)",64GB,94,79,66,37,19
"iPhone SE (3rd gen)",128GB,102,86,71,41,20
"iPhone SE (3rd gen)",256GB,109,92,77,43,22
"iPhone SE (2nd gen)",64GB,61,52,43,24,12
"iPhone SE (2nd gen)",128GB,66,56,46,26,13
"iPhone SE (2nd gen)",256GB,71,60,49,29,14
"iPhone XS Max",64GB,144,122,101,58,29
"iPhone XS Max",256GB,155,132,108,62,31
"iPhone XS Max",512GB,167,142,116,67,34
"iPhone XS",64GB,79,67,55,31,16
"iPhone XS",256GB,86,73,60,35,17
"iPhone XS",512GB,92,78,65,37,18
"iPhone XR",64GB,79,67,55,31,16
"iPhone XR",128GB,86,73,60,35,17
"iPhone XR",256GB,92,78,65,37,18
"iPhone X",64GB,85,72,60,34,17
"iPhone X",256GB,92,78,65,37,18
"iPhone 8 Plus",64GB,55,47,38,22,11
"iPhone 8 Plus",128GB,59,50,41,24,12
"iPhone 8 Plus",256GB,64,54,44,25,13
"iPhone 8",64GB,22,18,16,8,5
"iPhone 8",128GB,24,20,17,10,5
"iPhone 8",256GB,25,22,18,10,5
