model,old_max,new_max
iPhone 17 Pro Max,973,1168
iPhone 17 Pro,872,1046
iPhone Air,694,833
iPhone 17,631,757
iPhone 16 Pro Max,771,925
iPhone 16 Pro,636,763
iPhone 16 Plus,515,618
iPhone 16,491,589
iPhone 15 Pro Max,568,682
iPhone 15 Pro,486,583
iPhone 15 Plus,391,469
iPhone 15,351,421
iPhone 14 Pro Max,482,578
iPhone 14 Pro,393,472
iPhone 14 Plus,270,324
iPhone 14,306,367
iPhone 13 Pro Max,360,432
iPhone 13 Pro,353,424
iPhone 13,228,274
iPhone 13 mini,221,265
iPhone 12 Pro Max,245,294
iPhone 12 Pro,212,254
iPhone 12,152,182
iPhone 12 mini,142,170
iPhone 11 Pro Max,192,230
iPhone 11 Pro,149,179
iPhone 11,130,156
"iPhone SE (3rd gen)",91,109
"iPhone SE (2nd gen / 2020)",59,71
iPhone XS Max,139,167
iPhone XS,77,92
iPhone XR,77,92
iPhone X,77,92
iPhone 8 Plus,53,64
iPhone 8,21,25
