model,max_cad
iPhone 17 Pro Max,973
iPhone 17 Pro,872
iPhone Air,694
iPhone 17,631
iPhone 16 Pro Max,771
iPhone 16 Pro,636
iPhone 16 Plus,515
iPhone 16,491
iPhone 15 Pro Max,568
iPhone 15 Pro,486
iPhone 15 Plus,391
iPhone 15,351
iPhone 14 Pro Max,482
iPhone 14 Pro,393
iPhone 14 Plus,270
iPhone 14,306
iPhone 13 Pro Max,360
iPhone 13 Pro,353
iPhone 13,228
iPhone 13 mini,221
iPhone 12 Pro Max,245
iPhone 12 Pro,212
iPhone 12,152
iPhone 12 mini,142
iPhone 11 Pro Max,192
iPhone 11 Pro,149
iPhone 11,130
"iPhone SE (3rd gen)",91
"iPhone SE (2nd gen / 2020)",59
iPhone XS Max,139
iPhone XS,77
iPhone XR,77
iPhone X,77
iPhone 8 Plus,53
iPhone 8,21
